reporting_date,TL,TR,sCh,cCh,deaths,CFR,Region
2010-01-10,1/4/2010,1/10/2010,1049,256,3,1.171875,Cameroon
2010-01-17,1/11/2010,1/17/2010,538,148,0,0.0,Cameroon
2010-01-24,1/18/2010,1/24/2010,322,103,0,0.0,Cameroon
2010-01-31,1/25/2010,1/31/2010,346,94,1,1.0638297872340425,Cameroon
2010-02-07,2/1/2010,2/7/2010,633,160,3,1.875,Cameroon
2010-02-14,2/8/2010,2/14/2010,478,209,2,0.9569377990430622,Cameroon
2010-02-21,2/15/2010,2/21/2010,648,152,1,0.6578947368421052,Cameroon
2010-02-28,2/22/2010,2/28/2010,462,117,2,1.7094017094017095,Cameroon
2010-03-07,3/1/2010,3/7/2010,622,207,1,0.4830917874396135,Cameroon
2010-03-14,3/8/2010,3/14/2010,621,195,2,1.0256410256410255,Cameroon
2010-03-21,3/15/2010,3/21/2010,1284,384,10,2.604166666666667,Cameroon
2010-03-28,3/22/2010,3/28/2010,334,126,3,2.380952380952381,Cameroon
2010-04-04,3/29/2010,4/4/2010,496,94,2,2.127659574468085,Cameroon
2010-04-11,4/5/2010,4/11/2010,1395,377,5,1.3262599469496021,Cameroon
2010-04-18,4/12/2010,4/18/2010,1295,420,6,1.4285714285714286,Cameroon
2010-04-25,4/19/2010,4/25/2010,1303,200,4,2.0,Cameroon
2010-05-02,4/26/2010,5/2/2010,1714,309,5,1.6181229773462782,Cameroon
2010-05-09,5/3/2010,5/9/2010,1119,430,8,1.8604651162790697,Cameroon
2010-05-16,5/10/2010,5/16/2010,1281,412,4,0.9708737864077669,Cameroon
2010-05-23,5/17/2010,5/23/2010,1642,386,9,2.33160621761658,Cameroon
2010-05-30,5/24/2010,5/30/2010,1498,477,11,2.3060796645702304,Cameroon
2010-06-06,5/31/2010,6/6/2010,1547,609,13,2.134646962233169,Cameroon
2010-06-13,6/7/2010,6/13/2010,960,358,9,2.5139664804469275,Cameroon
2010-06-20,6/14/2010,6/20/2010,1347,489,11,2.2494887525562373,Cameroon
2010-06-27,6/21/2010,6/27/2010,1957,665,12,1.8045112781954888,Cameroon
2010-07-04,6/28/2010,7/4/2010,1121,527,12,2.2770398481973433,Cameroon
2010-07-11,7/5/2010,7/11/2010,1555,535,14,2.6168224299065423,Cameroon
2010-07-18,7/12/2010,7/18/2010,2501,961,20,2.081165452653486,Cameroon
2010-07-25,7/19/2010,7/25/2010,3429,944,25,2.6483050847457625,Cameroon
2010-08-01,7/26/2010,8/1/2010,1719,488,9,1.8442622950819672,Cameroon
2010-08-08,8/2/2010,8/8/2010,3200,878,30,3.416856492027335,Cameroon
2010-08-15,8/9/2010,8/15/2010,2645,750,18,2.4,Cameroon
2010-08-22,8/16/2010,8/22/2010,2914,999,36,3.6036036036036037,Cameroon
2010-08-29,8/23/2010,8/29/2010,2180,690,28,4.057971014492753,Cameroon
2010-09-05,8/30/2010,9/5/2010,2932,921,29,3.1487513572204127,Cameroon
2010-09-12,9/6/2010,9/12/2010,2561,898,32,3.5634743875278394,Cameroon
2010-09-19,9/13/2010,9/19/2010,2472,884,20,2.262443438914027,Cameroon
2010-09-26,9/20/2010,9/26/2010,3007,1151,25,2.172024326672459,Cameroon
2010-10-03,5/6/2010,10/3/2010,7633,2164,76,3.512014787430684,Cameroon
2010-10-03,9/27/2010,10/3/2010,1900,522,10,1.9157088122605364,Cameroon
2010-10-10,10/4/2010,10/10/2010,2588,663,17,2.564102564102564,Cameroon
2010-10-17,10/11/2010,10/17/2010,2271,882,27,3.061224489795918,Cameroon
2010-10-24,10/18/2010,10/24/2010,2949,894,16,1.7897091722595078,Cameroon
2010-10-25,4/1/2010,10/25/2010,362,147,10,6.802721088435375,Cameroon
2010-10-31,10/25/2010,10/31/2010,3251,1214,24,1.9769357495881383,Cameroon
2010-11-07,11/1/2010,11/7/2010,1792,618,17,2.750809061488673,Cameroon
2010-11-14,11/8/2010,11/14/2010,1653,502,9,1.7928286852589643,Cameroon
2010-11-21,11/15/2010,11/21/2010,1469,607,10,1.6474464579901154,Cameroon
2010-11-28,11/22/2010,11/28/2010,736,319,8,2.507836990595611,Cameroon
2010-12-05,11/29/2010,12/5/2010,854,263,6,2.2813688212927756,Cameroon
2010-12-12,12/6/2010,12/12/2010,766,233,4,1.7167381974248928,Cameroon
2010-12-19,12/13/2010,12/19/2010,365,99,1,1.0101010101010102,Cameroon
2010-12-26,12/20/2010,12/26/2010,543,122,2,1.639344262295082,Cameroon
2010-12-31,5/6/2010,12/31/2010,995,125,8,6.4,Cameroon
2011-01-02,12/27/2010,1/2/2011,425,76,0,0.0,Cameroon
2011-01-09,1/3/2011,1/9/2011,509,153,3,1.9607843137254901,Cameroon
2011-01-16,1/10/2011,1/16/2011,743,187,4,2.13903743315508,Cameroon
2011-01-23,1/17/2011,1/23/2011,745,228,2,0.8771929824561403,Cameroon
2011-01-30,1/24/2011,1/30/2011,503,170,4,2.3529411764705883,Cameroon
2011-02-06,1/31/2011,2/6/2011,1217,391,6,1.5345268542199488,Cameroon
2011-02-13,2/7/2011,2/13/2011,587,203,3,1.477832512315271,Cameroon
2011-02-20,2/14/2011,2/20/2011,1227,319,5,1.5673981191222568,Cameroon
2011-02-27,2/21/2011,2/27/2011,1524,488,10,2.0491803278688523,Cameroon
2011-03-06,2/28/2011,3/6/2011,1406,504,11,2.1825396825396823,Cameroon
2011-03-13,3/7/2011,3/13/2011,1376,421,6,1.4251781472684086,Cameroon
2011-03-20,3/14/2011,3/20/2011,1335,482,14,2.904564315352697,Cameroon
2011-03-27,3/21/2011,3/27/2011,1678,546,10,1.8315018315018317,Cameroon
2011-04-03,3/28/2011,4/3/2011,1765,579,6,1.0362694300518136,Cameroon
2011-04-10,4/4/2011,4/10/2011,2390,789,14,1.7743979721166032,Cameroon
2011-04-17,4/11/2011,4/17/2011,1705,563,11,1.9538188277087036,Cameroon
2011-04-24,4/18/2011,4/24/2011,2301,751,15,1.9973368841544608,Cameroon
2011-05-01,4/25/2011,5/1/2011,2261,788,17,2.1573604060913705,Cameroon
2011-05-08,5/2/2011,5/8/2011,2166,703,15,2.1337126600284493,Cameroon
2011-05-15,5/9/2011,5/15/2011,2541,885,23,2.598870056497175,Cameroon
2011-05-22,5/16/2011,5/22/2011,2454,746,18,2.4128686327077746,Cameroon
2011-05-29,5/23/2011,5/29/2011,3217,816,21,2.5735294117647056,Cameroon
2011-06-05,5/30/2011,6/5/2011,3343,1072,22,2.0522388059701493,Cameroon
2011-06-12,6/6/2011,6/12/2011,2898,892,15,1.6816143497757847,Cameroon
2011-06-19,6/13/2011,6/19/2011,2878,925,23,2.4864864864864864,Cameroon
2011-06-26,6/20/2011,6/26/2011,3657,1206,27,2.2388059701492535,Cameroon
2011-07-03,6/27/2011,7/3/2011,3404,1176,24,2.0408163265306123,Cameroon
2011-07-10,7/4/2011,7/10/2011,3761,1247,29,2.3255813953488373,Cameroon
2011-07-17,7/11/2011,7/17/2011,4103,1205,30,2.4896265560165975,Cameroon
2011-07-24,7/18/2011,7/24/2011,3883,1268,30,2.365930599369085,Cameroon
2011-07-31,12/1/2010,7/31/2011,143,94,7,7.446808510638298,Cameroon
2011-07-31,7/25/2011,7/31/2011,2923,783,19,2.4265644955300125,Cameroon
2011-08-07,8/1/2011,8/7/2011,4120,1331,37,2.779864763335838,Cameroon
2011-08-12,6/1/2011,8/12/2011,144,0,0,,Cameroon
2011-08-14,8/8/2011,8/14/2011,5237,2208,42,1.9021739130434785,Cameroon
2011-08-21,8/15/2011,8/21/2011,3747,1243,24,1.9308125502815767,Cameroon
2011-08-28,8/22/2011,8/28/2011,4309,1314,24,1.82648401826484,Cameroon
2011-09-04,8/29/2011,9/4/2011,3915,1185,24,2.0253164556962027,Cameroon
2011-09-11,9/5/2011,9/11/2011,4649,1524,29,1.9028871391076114,Cameroon
2011-09-18,9/12/2011,9/18/2011,4786,1740,40,2.2988505747126435,Cameroon
2011-09-22,1/1/2011,9/22/2011,15976,3252,231,7.103321033210332,Cameroon
2011-09-25,9/19/2011,9/25/2011,3696,1111,31,2.7902790279027903,Cameroon
2011-10-02,9/26/2011,10/2/2011,3495,971,23,2.368692070030896,Cameroon
2011-10-09,10/3/2011,10/9/2011,3140,916,28,3.056768558951965,Cameroon
2011-10-16,10/10/2011,10/16/2011,4231,1516,32,2.1108179419525066,Cameroon
2011-10-23,10/17/2011,10/23/2011,2843,1025,19,1.8536585365853657,Cameroon
2011-10-30,10/24/2011,10/30/2011,2614,1025,19,1.8536585365853657,Cameroon
2011-11-06,10/31/2011,11/6/2011,1841,643,9,1.3996889580093312,Cameroon
2011-11-13,11/7/2011,11/13/2011,1790,473,11,2.3255813953488373,Cameroon
2011-11-20,11/14/2011,11/20/2011,1204,439,8,1.8223234624145785,Cameroon
2011-11-27,11/21/2011,11/27/2011,659,204,1,0.49019607843137253,Cameroon
2011-12-04,11/28/2011,12/4/2011,487,196,2,1.0204081632653061,Cameroon
2011-12-11,9/23/2011,12/11/2011,5000,1695,85,5.014749262536873,Cameroon
2011-12-18,12/12/2011,12/18/2011,599,174,4,2.2988505747126435,Cameroon
2011-12-25,12/19/2011,12/25/2011,529,100,0,0.0,Cameroon
2012-01-01,12/26/2011,1/1/2012,367,88,2,2.272727272727273,Cameroon
2012-01-08,1/2/2012,1/8/2012,292,58,1,1.7241379310344827,Cameroon
2012-01-15,1/9/2012,1/15/2012,524,174,3,1.7241379310344827,Cameroon
2012-01-22,1/16/2012,1/22/2012,881,136,2,1.4705882352941175,Cameroon
2012-01-29,1/23/2012,1/29/2012,661,212,3,1.4150943396226416,Cameroon
2012-02-05,1/30/2012,2/5/2012,814,230,4,1.7391304347826086,Cameroon
2012-02-12,2/6/2012,2/12/2012,504,118,1,0.847457627118644,Cameroon
2012-02-19,2/13/2012,2/19/2012,758,301,3,0.9966777408637874,Cameroon
2012-02-26,2/20/2012,2/26/2012,617,206,1,0.48543689320388345,Cameroon
2012-03-04,2/27/2012,3/4/2012,543,183,3,1.639344262295082,Cameroon
2012-03-11,3/5/2012,3/11/2012,549,164,2,1.2195121951219512,Cameroon
2012-03-18,3/12/2012,3/18/2012,1030,239,2,0.8368200836820083,Cameroon
2012-03-25,3/19/2012,3/25/2012,280,42,0,0.0,Cameroon
2012-04-01,3/26/2012,4/1/2012,910,280,5,1.7857142857142856,Cameroon
2012-04-08,4/2/2012,4/8/2012,910,374,5,1.3368983957219251,Cameroon
2012-04-15,4/9/2012,4/15/2012,800,281,3,1.0676156583629894,Cameroon
2012-04-22,4/16/2012,4/22/2012,963,295,3,1.0169491525423728,Cameroon
2012-04-29,4/23/2012,4/29/2012,709,255,3,1.1764705882352942,Cameroon
2012-05-06,4/30/2012,5/6/2012,1660,488,8,1.639344262295082,Cameroon
2012-05-13,5/7/2012,5/13/2012,1569,494,9,1.8218623481781375,Cameroon
2012-05-20,5/14/2012,5/20/2012,937,372,7,1.881720430107527,Cameroon
2012-05-27,5/21/2012,5/27/2012,1151,345,6,1.7391304347826086,Cameroon
2012-06-03,5/28/2012,6/3/2012,2262,722,12,1.662049861495845,Cameroon
2012-06-10,6/4/2012,6/10/2012,1026,361,3,0.8310249307479225,Cameroon
2012-06-11,8/1/2011,6/11/2012,0,0,0,,Cameroon
2012-06-17,6/11/2012,6/17/2012,1524,682,16,2.346041055718475,Cameroon
2012-06-24,6/18/2012,6/24/2012,1754,593,13,2.1922428330522767,Cameroon
2012-07-01,6/25/2012,7/1/2012,1731,705,19,2.6950354609929077,Cameroon
2012-07-08,7/2/2012,7/8/2012,2127,555,6,1.0810810810810811,Cameroon
2012-07-15,7/9/2012,7/15/2012,1189,434,8,1.8433179723502304,Cameroon
2012-07-22,7/16/2012,7/22/2012,1206,309,6,1.9417475728155338,Cameroon
2012-07-29,7/23/2012,7/29/2012,1079,328,4,1.2195121951219512,Cameroon
2012-08-05,7/30/2012,8/5/2012,2344,984,18,1.8292682926829267,Cameroon
2012-08-12,8/6/2012,8/12/2012,1251,437,8,1.8306636155606408,Cameroon
2012-08-19,8/13/2012,8/19/2012,1383,442,15,3.3936651583710407,Cameroon
2012-08-26,8/20/2012,8/26/2012,1734,399,8,2.0050125313283207,Cameroon
2012-09-02,8/27/2012,9/2/2012,2149,836,14,1.674641148325359,Cameroon
2012-09-09,9/3/2012,9/9/2012,2101,685,16,2.335766423357664,Cameroon
2012-09-16,9/10/2012,9/16/2012,1542,537,8,1.48975791433892,Cameroon
2012-09-23,9/17/2012,9/23/2012,1344,519,10,1.9267822736030826,Cameroon
2012-09-30,9/24/2012,9/30/2012,1682,709,15,2.1156558533145273,Cameroon
2012-10-07,10/1/2012,10/7/2012,1626,554,11,1.9855595667870036,Cameroon
2012-10-14,10/8/2012,10/14/2012,1762,599,6,1.001669449081803,Cameroon
2012-10-21,10/15/2012,10/21/2012,1664,593,9,1.5177065767284992,Cameroon
2012-10-28,10/22/2012,10/28/2012,1961,720,12,1.6666666666666667,Cameroon
2012-11-04,10/29/2012,11/4/2012,1769,736,10,1.358695652173913,Cameroon
2012-11-11,11/5/2012,11/11/2012,977,397,8,2.0151133501259446,Cameroon
2012-11-18,11/12/2012,11/18/2012,568,114,1,0.8771929824561403,Cameroon
2012-11-25,11/19/2012,11/25/2012,691,274,2,0.7299270072992701,Cameroon
2012-12-02,11/26/2012,12/2/2012,641,227,4,1.762114537444934,Cameroon
2012-12-09,12/3/2012,12/9/2012,606,176,1,0.5681818181818182,Cameroon
2012-12-16,12/10/2012,12/16/2012,397,112,0,0.0,Cameroon
2012-12-23,12/17/2012,12/23/2012,429,132,1,0.7575757575757576,Cameroon
2012-12-30,12/24/2012,12/30/2012,408,109,1,0.9174311926605505,Cameroon
2013-01-06,12/31/2012,1/6/2013,415,154,0,0.0,Cameroon
2013-01-13,1/7/2013,1/13/2013,266,121,2,1.6528925619834711,Cameroon
2013-01-20,1/14/2013,1/20/2013,355,140,2,1.4285714285714286,Cameroon
2013-01-27,1/21/2013,1/27/2013,575,160,2,1.25,Cameroon
2013-02-03,1/28/2013,2/3/2013,511,169,1,0.591715976331361,Cameroon
2013-02-10,2/4/2013,2/10/2013,737,230,4,1.7391304347826086,Cameroon
2013-02-17,2/11/2013,2/17/2013,199,52,3,5.769230769230769,Cameroon
2013-02-24,2/18/2013,2/24/2013,411,109,1,0.9174311926605505,Cameroon
2013-03-03,2/25/2013,3/3/2013,812,202,1,0.49504950495049505,Cameroon
2013-03-10,3/4/2013,3/10/2013,876,164,3,1.8292682926829267,Cameroon
2013-03-17,3/11/2013,3/17/2013,1128,306,4,1.3071895424836601,Cameroon
2013-03-24,3/18/2013,3/24/2013,663,267,4,1.4981273408239701,Cameroon
2013-03-31,3/25/2013,3/31/2013,915,358,8,2.2346368715083798,Cameroon
2013-04-07,4/1/2013,4/7/2013,1009,281,2,0.7117437722419928,Cameroon
2013-04-14,4/8/2013,4/14/2013,1779,498,7,1.4056224899598393,Cameroon
2013-04-21,4/15/2013,4/21/2013,1089,277,3,1.083032490974729,Cameroon
2013-04-28,4/22/2013,4/28/2013,925,319,6,1.8808777429467085,Cameroon
2013-05-05,4/29/2013,5/5/2013,837,297,4,1.3468013468013467,Cameroon
2013-05-12,5/6/2013,5/12/2013,1525,368,7,1.9021739130434785,Cameroon
2013-05-19,5/13/2013,5/19/2013,2229,674,11,1.6320474777448073,Cameroon
2013-05-26,5/20/2013,5/26/2013,1295,398,8,2.0100502512562812,Cameroon
2013-06-02,5/27/2013,6/2/2013,1430,573,9,1.5706806282722512,Cameroon
2013-06-09,6/3/2013,6/9/2013,1099,363,8,2.203856749311295,Cameroon
2013-06-16,6/10/2013,6/16/2013,1190,389,7,1.7994858611825193,Cameroon
2013-06-23,6/17/2013,6/23/2013,1925,854,17,1.9906323185011712,Cameroon
2013-06-30,6/24/2013,6/30/2013,1539,694,20,2.881844380403458,Cameroon
2013-07-07,7/1/2013,7/7/2013,1463,434,6,1.3824884792626728,Cameroon
2013-07-14,7/8/2013,7/14/2013,2424,715,11,1.5384615384615385,Cameroon
2013-07-21,7/15/2013,7/21/2013,1296,342,5,1.461988304093567,Cameroon
2013-07-28,7/22/2013,7/28/2013,1609,623,13,2.086677367576244,Cameroon
2013-08-04,7/29/2013,8/4/2013,1502,599,11,1.8363939899833055,Cameroon
2013-08-11,8/5/2013,8/11/2013,1100,190,4,2.1052631578947367,Cameroon
2013-08-18,8/12/2013,8/18/2013,1222,567,8,1.4109347442680775,Cameroon
2013-08-25,8/19/2013,8/25/2013,1379,522,6,1.1494252873563218,Cameroon
2013-09-01,8/26/2013,9/1/2013,2478,682,16,2.346041055718475,Cameroon
2013-09-08,9/2/2013,9/8/2013,592,112,1,0.8928571428571428,Cameroon
2013-09-15,9/9/2013,9/15/2013,1571,431,5,1.160092807424594,Cameroon
2013-09-22,9/16/2013,9/22/2013,1377,561,10,1.7825311942959003,Cameroon
2013-09-29,9/23/2013,9/29/2013,3024,1211,25,2.064409578860446,Cameroon
2013-10-06,9/30/2013,10/6/2013,1246,391,9,2.3017902813299234,Cameroon
2013-10-13,10/7/2013,10/13/2013,1114,212,5,2.358490566037736,Cameroon
2013-10-20,10/14/2013,10/20/2013,2112,847,14,1.6528925619834711,Cameroon
2013-10-27,10/21/2013,10/27/2013,1711,537,10,1.86219739292365,Cameroon
2013-11-03,10/28/2013,11/3/2013,565,165,2,1.2121212121212122,Cameroon
2013-11-10,11/4/2013,11/10/2013,570,199,3,1.507537688442211,Cameroon
2013-11-17,11/11/2013,11/17/2013,2301,764,17,2.225130890052356,Cameroon
2013-11-24,11/18/2013,11/24/2013,1175,334,5,1.4970059880239521,Cameroon
2013-12-01,11/25/2013,12/1/2013,742,195,3,1.5384615384615385,Cameroon
2013-12-08,12/2/2013,12/8/2013,789,276,3,1.0869565217391304,Cameroon
2013-12-15,12/9/2013,12/15/2013,558,174,2,1.1494252873563218,Cameroon
2013-12-22,12/16/2013,12/22/2013,507,190,2,1.0526315789473684,Cameroon
2013-12-29,12/23/2013,12/29/2013,390,138,1,0.7246376811594203,Cameroon
2014-01-05,12/30/2013,1/5/2014,433,153,2,1.3071895424836601,Cameroon
2014-01-12,1/6/2014,1/12/2014,386,140,0,0.0,Cameroon
2014-01-19,1/13/2014,1/19/2014,386,91,1,1.098901098901099,Cameroon
2014-01-26,1/20/2014,1/26/2014,562,243,3,1.2345679012345678,Cameroon
2014-02-02,1/27/2014,2/2/2014,721,161,1,0.6211180124223602,Cameroon
2014-02-09,2/3/2014,2/9/2014,704,168,3,1.7857142857142856,Cameroon
2014-02-16,2/10/2014,2/16/2014,752,254,4,1.574803149606299,Cameroon
2014-02-23,2/17/2014,2/23/2014,501,186,1,0.5376344086021506,Cameroon
2014-03-02,2/24/2014,3/2/2014,1036,392,2,0.5102040816326531,Cameroon
2014-03-09,3/3/2014,3/9/2014,683,250,3,1.2,Cameroon
2014-03-16,3/10/2014,3/16/2014,1508,644,8,1.2422360248447204,Cameroon
2014-03-23,3/17/2014,3/23/2014,929,286,4,1.3986013986013985,Cameroon
2014-03-30,3/24/2014,3/30/2014,804,221,2,0.904977375565611,Cameroon
2014-04-06,3/31/2014,4/6/2014,1031,402,7,1.7412935323383085,Cameroon
2014-04-13,4/7/2014,4/13/2014,559,164,2,1.2195121951219512,Cameroon
2014-04-20,4/14/2014,4/20/2014,1022,460,10,2.1739130434782608,Cameroon
2014-04-27,4/21/2014,4/27/2014,1043,374,5,1.3368983957219251,Cameroon
2014-04-30,1/1/2014,4/30/2014,16,9,0,0.0,Cameroon
2014-05-04,4/28/2014,5/4/2014,2473,698,13,1.8624641833810889,Cameroon
2014-05-11,5/5/2014,5/11/2014,1584,469,7,1.4925373134328357,Cameroon
2014-05-18,5/12/2014,5/18/2014,1016,336,8,2.380952380952381,Cameroon
2014-05-25,5/19/2014,5/25/2014,1383,381,4,1.0498687664041995,Cameroon
2014-06-01,5/26/2014,6/1/2014,2049,891,16,1.7957351290684627,Cameroon
2014-06-08,6/2/2014,6/8/2014,1578,551,11,1.9963702359346642,Cameroon
2014-06-15,6/9/2014,6/15/2014,1591,653,11,1.6845329249617151,Cameroon
2014-06-22,6/16/2014,6/22/2014,1639,425,8,1.8823529411764703,Cameroon
2014-06-29,6/23/2014,6/29/2014,1296,298,4,1.342281879194631,Cameroon
2014-07-06,6/30/2014,7/6/2014,2744,961,21,2.18522372528616,Cameroon
2014-07-13,7/7/2014,7/13/2014,2011,441,11,2.494331065759637,Cameroon
2014-07-20,7/14/2014,7/20/2014,1691,570,10,1.7543859649122806,Cameroon
2014-07-24,4/24/2014,7/24/2014,1692,104,5,4.807692307692308,Cameroon
2014-07-27,7/21/2014,7/27/2014,1938,504,11,2.1825396825396823,Cameroon
2014-08-03,7/28/2014,8/3/2014,2604,1037,20,1.9286403085824495,Cameroon
2014-08-10,8/4/2014,8/10/2014,2687,897,19,2.118171683389075,Cameroon
2014-08-12,7/25/2014,8/12/2014,440,135,6,4.444444444444445,Cameroon
2014-08-17,8/11/2014,8/17/2014,2627,962,15,1.5592515592515594,Cameroon
2014-08-24,8/18/2014,8/24/2014,1750,598,10,1.6722408026755853,Cameroon
2014-08-31,8/25/2014,8/31/2014,3035,1085,23,2.1198156682027647,Cameroon
2014-09-07,9/1/2014,9/7/2014,1904,572,9,1.5734265734265735,Cameroon
2014-09-14,9/8/2014,9/14/2014,1926,520,11,2.1153846153846154,Cameroon
2014-09-21,9/15/2014,9/21/2014,1625,498,14,2.8112449799196786,Cameroon
2014-09-28,9/22/2014,9/28/2014,2438,884,20,2.262443438914027,Cameroon
2014-10-05,9/29/2014,10/5/2014,2576,950,17,1.789473684210526,Cameroon
2014-10-12,10/6/2014,10/12/2014,1974,680,16,2.3529411764705883,Cameroon
2014-10-19,10/13/2014,10/19/2014,2291,790,17,2.151898734177215,Cameroon
2014-10-26,10/20/2014,10/26/2014,1801,601,14,2.329450915141431,Cameroon
2014-11-02,10/27/2014,11/2/2014,1838,545,16,2.9357798165137616,Cameroon
2014-11-05,8/21/2014,11/5/2014,673,128,6,4.6875,Cameroon
2014-11-09,11/3/2014,11/9/2014,1585,498,12,2.4096385542168677,Cameroon
2014-11-16,11/10/2014,11/16/2014,850,170,2,1.1764705882352942,Cameroon
2014-11-23,11/17/2014,11/23/2014,526,186,2,1.0752688172043012,Cameroon
2014-11-30,11/24/2014,11/30/2014,697,229,4,1.7467248908296942,Cameroon
2014-12-07,12/1/2014,12/7/2014,442,168,0,0.0,Cameroon
2014-12-14,12/8/2014,12/14/2014,637,211,2,0.9478672985781991,Cameroon
2014-12-21,12/15/2014,12/21/2014,423,141,0,0.0,Cameroon
2014-12-28,12/22/2014,12/28/2014,531,113,1,0.8849557522123894,Cameroon
2015-01-04,12/29/2014,1/4/2015,371,119,3,2.5210084033613445,Cameroon
2015-01-11,1/5/2015,1/11/2015,333,72,0,0.0,Cameroon
2015-01-18,1/12/2015,1/18/2015,514,122,2,1.639344262295082,Cameroon
2015-01-25,1/19/2015,1/25/2015,647,190,2,1.0526315789473684,Cameroon
2015-02-01,1/26/2015,2/1/2015,519,174,2,1.1494252873563218,Cameroon
2015-02-08,2/2/2015,2/8/2015,325,48,1,2.083333333333333,Cameroon
2015-02-15,2/9/2015,2/15/2015,562,226,4,1.7699115044247788,Cameroon
2015-02-22,2/16/2015,2/22/2015,514,121,2,1.6528925619834711,Cameroon
2015-03-01,2/23/2015,3/1/2015,743,189,2,1.0582010582010581,Cameroon
2015-03-08,3/2/2015,3/8/2015,606,189,2,1.0582010582010581,Cameroon
2015-03-15,3/9/2015,3/15/2015,480,173,1,0.5780346820809248,Cameroon
2015-03-22,3/16/2015,3/22/2015,676,168,1,0.5952380952380952,Cameroon
2015-03-29,3/23/2015,3/29/2015,1245,507,9,1.7751479289940828,Cameroon
2015-04-05,3/30/2015,4/5/2015,1113,395,5,1.2658227848101267,Cameroon
2015-04-12,4/6/2015,4/12/2015,1082,362,6,1.6574585635359116,Cameroon
2015-04-19,4/13/2015,4/19/2015,842,261,5,1.9157088122605364,Cameroon
2015-04-26,4/20/2015,4/26/2015,642,86,1,1.1627906976744187,Cameroon
2015-05-03,4/27/2015,5/3/2015,1010,151,5,3.3112582781456954,Cameroon
2015-05-10,5/4/2015,5/10/2015,1277,318,3,0.9433962264150944,Cameroon
2015-05-17,5/11/2015,5/17/2015,786,159,0,0.0,Cameroon
2015-05-24,5/18/2015,5/24/2015,1932,734,19,2.588555858310627,Cameroon
2015-05-31,5/25/2015,5/31/2015,2163,621,13,2.0933977455716586,Cameroon
2015-06-07,6/1/2015,6/7/2015,1803,456,8,1.7543859649122806,Cameroon
2015-06-14,6/8/2015,6/14/2015,1631,489,12,2.4539877300613497,Cameroon
2015-06-21,6/15/2015,6/21/2015,1311,525,10,1.9047619047619049,Cameroon
2015-06-28,6/22/2015,6/28/2015,1738,484,11,2.272727272727273,Cameroon
2015-07-05,6/29/2015,7/5/2015,1193,246,4,1.6260162601626018,Cameroon
2015-07-12,7/6/2015,7/12/2015,1698,554,11,1.9855595667870036,Cameroon
2015-07-19,7/13/2015,7/19/2015,1306,510,11,2.156862745098039,Cameroon
2015-07-26,7/20/2015,7/26/2015,1269,564,9,1.5957446808510638,Cameroon
2015-08-02,7/27/2015,8/2/2015,3527,1175,25,2.127659574468085,Cameroon
2015-08-09,8/3/2015,8/9/2015,1085,377,6,1.5915119363395225,Cameroon
2015-08-16,8/10/2015,8/16/2015,2089,696,11,1.5804597701149428,Cameroon
2015-08-23,8/17/2015,8/23/2015,1996,882,17,1.9274376417233559,Cameroon
2015-08-30,8/24/2015,8/30/2015,2056,553,13,2.3508137432188065,Cameroon
2015-09-06,8/31/2015,9/6/2015,1874,473,10,2.1141649048625792,Cameroon
2015-09-13,9/7/2015,9/13/2015,1356,409,4,0.9779951100244498,Cameroon
2015-09-20,9/14/2015,9/20/2015,2046,758,11,1.4511873350923483,Cameroon
2015-09-27,9/21/2015,9/27/2015,2131,437,6,1.3729977116704806,Cameroon
2015-10-04,9/28/2015,10/4/2015,1076,371,5,1.3477088948787064,Cameroon
2015-10-11,10/5/2015,10/11/2015,2356,786,14,1.7811704834605597,Cameroon
2015-10-18,10/12/2015,10/18/2015,2382,1017,14,1.376597836774828,Cameroon
2015-10-25,10/19/2015,10/25/2015,2388,883,17,1.9252548131370328,Cameroon
2015-11-01,10/26/2015,11/1/2015,1453,451,7,1.5521064301552108,Cameroon
2015-11-08,11/2/2015,11/8/2015,1701,398,6,1.507537688442211,Cameroon
2015-11-15,11/9/2015,11/15/2015,1116,331,4,1.2084592145015105,Cameroon
2015-11-22,11/16/2015,11/22/2015,712,85,0,0.0,Cameroon
2015-11-29,11/23/2015,11/29/2015,727,111,3,2.7027027027027026,Cameroon
2015-12-06,11/30/2015,12/6/2015,503,132,1,0.7575757575757576,Cameroon
2015-12-13,12/7/2015,12/13/2015,283,68,1,1.4705882352941175,Cameroon
2015-12-20,12/14/2015,12/20/2015,630,238,4,1.680672268907563,Cameroon
2015-12-27,12/21/2015,12/27/2015,171,38,0,0.0,Cameroon
2016-01-10,1/4/2016,1/10/2016,276,83,0,0.0,Cameroon
2016-01-17,1/11/2016,1/17/2016,428,117,3,2.564102564102564,Cameroon
2016-01-24,1/18/2016,1/24/2016,241,39,1,2.564102564102564,Cameroon
2016-01-31,1/25/2016,1/31/2016,274,50,0,0.0,Cameroon
2016-02-07,2/1/2016,2/7/2016,613,116,1,0.8620689655172413,Cameroon
2016-02-14,2/8/2016,2/14/2016,455,121,1,0.8264462809917356,Cameroon
2016-02-21,2/15/2016,2/21/2016,315,125,2,1.6,Cameroon
2016-02-28,2/22/2016,2/28/2016,515,105,0,0.0,Cameroon
2016-03-06,2/29/2016,3/6/2016,1016,375,6,1.6,Cameroon
2016-03-13,3/7/2016,3/13/2016,959,362,5,1.3812154696132597,Cameroon
2016-03-20,3/14/2016,3/20/2016,1277,538,11,2.0446096654275094,Cameroon
2016-03-27,3/21/2016,3/27/2016,1393,459,7,1.5250544662309369,Cameroon
2016-04-03,3/28/2016,4/3/2016,786,310,3,0.967741935483871,Cameroon
2016-04-10,4/4/2016,4/10/2016,1292,252,3,1.1904761904761905,Cameroon
2016-04-17,4/11/2016,4/17/2016,1914,551,10,1.8148820326678767,Cameroon
2016-04-24,4/18/2016,4/24/2016,755,263,4,1.520912547528517,Cameroon
2016-05-01,4/25/2016,5/1/2016,1776,469,9,1.9189765458422177,Cameroon
2016-05-08,5/2/2016,5/8/2016,1698,664,16,2.4096385542168677,Cameroon
2016-05-15,5/9/2016,5/15/2016,1872,280,4,1.4285714285714286,Cameroon
2016-05-22,5/16/2016,5/22/2016,2672,788,16,2.030456852791878,Cameroon
2016-05-29,5/23/2016,5/29/2016,2189,539,10,1.855287569573284,Cameroon
2016-06-05,5/30/2016,6/5/2016,1583,485,7,1.443298969072165,Cameroon
2016-06-12,6/6/2016,6/12/2016,2349,621,14,2.254428341384863,Cameroon
2016-06-19,6/13/2016,6/19/2016,1805,587,10,1.7035775127768313,Cameroon
2016-06-26,6/20/2016,6/26/2016,1809,563,9,1.5985790408525755,Cameroon
2016-07-03,6/27/2016,7/3/2016,981,266,4,1.5037593984962405,Cameroon
2016-07-10,7/4/2016,7/10/2016,1866,871,21,2.4110218140068884,Cameroon
2016-07-17,7/11/2016,7/17/2016,1832,798,18,2.2556390977443606,Cameroon
2016-07-24,7/18/2016,7/24/2016,2064,609,9,1.477832512315271,Cameroon
2016-07-31,7/25/2016,7/31/2016,2255,744,18,2.4193548387096775,Cameroon
2016-08-07,8/1/2016,8/7/2016,2832,1204,17,1.4119601328903655,Cameroon
2016-08-14,8/8/2016,8/14/2016,1753,372,6,1.6129032258064515,Cameroon
2016-08-21,8/15/2016,8/21/2016,2167,747,15,2.0080321285140563,Cameroon
2016-08-28,8/22/2016,8/28/2016,2438,480,9,1.875,Cameroon
2016-09-04,8/29/2016,9/4/2016,2109,935,17,1.8181818181818181,Cameroon
2016-09-11,9/5/2016,9/11/2016,2513,1012,16,1.5810276679841897,Cameroon
2016-09-18,9/12/2016,9/18/2016,3156,1315,29,2.2053231939163496,Cameroon
2016-09-25,9/19/2016,9/25/2016,1953,785,13,1.6560509554140128,Cameroon
2016-10-02,9/26/2016,10/2/2016,2355,696,9,1.293103448275862,Cameroon
2016-10-09,10/3/2016,10/9/2016,1687,562,13,2.3131672597864767,Cameroon
2016-10-16,10/10/2016,10/16/2016,885,190,2,1.0526315789473684,Cameroon
2016-10-23,10/17/2016,10/23/2016,2095,519,11,2.119460500963391,Cameroon
2016-10-30,10/24/2016,10/30/2016,1025,270,5,1.8518518518518516,Cameroon
2016-11-06,10/31/2016,11/6/2016,1309,323,5,1.5479876160990713,Cameroon
2016-11-13,11/7/2016,11/13/2016,259,47,0,0.0,Cameroon
2016-11-20,11/14/2016,11/20/2016,1189,236,0,0.0,Cameroon
2016-11-27,11/21/2016,11/27/2016,741,185,4,2.1621621621621623,Cameroon
2016-12-04,11/28/2016,12/4/2016,275,71,0,0.0,Cameroon
2016-12-11,12/5/2016,12/11/2016,453,117,2,1.7094017094017095,Cameroon
2016-12-18,12/12/2016,12/18/2016,518,70,0,0.0,Cameroon
2016-12-25,12/19/2016,12/25/2016,519,161,3,1.8633540372670807,Cameroon
2017-01-01,12/26/2016,1/1/2017,329,72,1,1.3888888888888888,Cameroon
2017-01-08,1/2/2017,1/8/2017,335,52,1,1.9230769230769231,Cameroon
2017-01-15,1/9/2017,1/15/2017,485,88,0,0.0,Cameroon
2017-01-22,1/16/2017,1/22/2017,474,107,3,2.803738317757009,Cameroon
2017-01-29,1/23/2017,1/29/2017,360,120,3,2.5,Cameroon
2017-02-05,1/30/2017,2/5/2017,500,146,1,0.684931506849315,Cameroon
2017-02-12,2/6/2017,2/12/2017,875,155,0,0.0,Cameroon
2017-02-19,2/13/2017,2/19/2017,289,99,1,1.0101010101010102,Cameroon
2017-02-26,2/20/2017,2/26/2017,556,128,3,2.34375,Cameroon
2017-03-05,2/27/2017,3/5/2017,568,143,0,0.0,Cameroon
2017-03-12,3/6/2017,3/12/2017,685,150,2,1.3333333333333335,Cameroon
2017-03-19,3/13/2017,3/19/2017,636,173,0,0.0,Cameroon
2017-03-26,3/20/2017,3/26/2017,772,230,2,0.8695652173913043,Cameroon
2017-04-02,3/27/2017,4/2/2017,850,346,7,2.023121387283237,Cameroon
2017-04-09,4/3/2017,4/9/2017,428,84,1,1.1904761904761905,Cameroon
2017-04-16,4/10/2017,4/16/2017,1216,397,4,1.0075566750629723,Cameroon
2017-04-23,4/17/2017,4/23/2017,745,240,2,0.8333333333333334,Cameroon
2017-04-30,4/24/2017,4/30/2017,516,186,4,2.1505376344086025,Cameroon
2017-05-07,5/1/2017,5/7/2017,1325,528,13,2.462121212121212,Cameroon
2017-05-14,5/8/2017,5/14/2017,979,282,2,0.7092198581560284,Cameroon
2017-05-21,5/15/2017,5/21/2017,1564,414,8,1.932367149758454,Cameroon
2017-05-28,5/22/2017,5/28/2017,1961,717,15,2.092050209205021,Cameroon
2017-06-04,5/29/2017,6/4/2017,1794,668,12,1.7964071856287425,Cameroon
2017-06-11,6/5/2017,6/11/2017,1271,463,7,1.511879049676026,Cameroon
2017-06-18,6/12/2017,6/18/2017,2101,743,14,1.8842530282637955,Cameroon
2017-06-25,6/19/2017,6/25/2017,1189,504,8,1.5873015873015872,Cameroon
2017-07-02,6/26/2017,7/2/2017,2276,842,11,1.3064133016627077,Cameroon
2017-07-09,7/3/2017,7/9/2017,1800,717,12,1.6736401673640167,Cameroon
2017-07-16,7/10/2017,7/16/2017,1904,528,12,2.272727272727273,Cameroon
2017-07-23,7/17/2017,7/23/2017,1931,833,12,1.440576230492197,Cameroon
2017-07-30,7/24/2017,7/30/2017,2291,609,13,2.134646962233169,Cameroon
2017-08-06,7/31/2017,8/6/2017,3045,1205,19,1.5767634854771784,Cameroon
2017-08-13,8/7/2017,8/13/2017,2914,1248,23,1.842948717948718,Cameroon
2017-08-20,8/14/2017,8/20/2017,1954,857,9,1.0501750291715286,Cameroon
2017-08-27,8/21/2017,8/27/2017,1637,569,9,1.5817223198594026,Cameroon
2017-09-03,8/28/2017,9/3/2017,1809,874,14,1.6018306636155606,Cameroon
2017-09-10,9/4/2017,9/10/2017,2190,788,17,2.1573604060913705,Cameroon
2017-09-17,9/11/2017,9/17/2017,1687,691,14,2.0260492040520983,Cameroon
2017-09-24,9/18/2017,9/24/2017,2603,977,17,1.7400204708290685,Cameroon
2017-10-01,9/25/2017,10/1/2017,1278,323,5,1.5479876160990713,Cameroon
2017-10-08,10/2/2017,10/8/2017,1987,697,12,1.721664275466284,Cameroon
2017-10-15,10/9/2017,10/15/2017,2725,960,17,1.7708333333333333,Cameroon
2017-10-22,10/16/2017,10/22/2017,1780,398,6,1.507537688442211,Cameroon
2017-10-29,10/23/2017,10/29/2017,868,216,3,1.3888888888888888,Cameroon
2017-11-05,10/30/2017,11/5/2017,720,159,3,1.8867924528301887,Cameroon
2017-11-12,11/6/2017,11/12/2017,671,166,2,1.2048192771084338,Cameroon
2017-11-19,11/13/2017,11/19/2017,765,290,4,1.3793103448275863,Cameroon
2017-11-26,11/20/2017,11/26/2017,519,168,3,1.7857142857142856,Cameroon
2017-12-03,11/27/2017,12/3/2017,175,69,0,0.0,Cameroon
2017-12-10,12/4/2017,12/10/2017,359,87,0,0.0,Cameroon
2017-12-17,12/11/2017,12/17/2017,254,42,0,0.0,Cameroon
2017-12-24,12/18/2017,12/24/2017,624,208,4,1.9230769230769231,Cameroon
2017-12-31,12/25/2017,12/31/2017,550,220,3,1.3636363636363635,Cameroon
2018-01-07,1/1/2018,1/7/2018,0,0,0,,Cameroon
2018-01-14,1/8/2018,1/14/2018,0,0,0,,Cameroon
2018-01-21,1/15/2018,1/21/2018,0,0,0,,Cameroon
2018-01-28,1/22/2018,1/28/2018,14,7,0,0.0,Cameroon
2018-02-04,1/29/2018,2/4/2018,0,0,0,,Cameroon
2018-02-11,2/5/2018,2/11/2018,0,0,0,,Cameroon
2018-02-18,2/12/2018,2/18/2018,45,16,0,0.0,Cameroon
2018-02-25,2/19/2018,2/25/2018,37,23,0,0.0,Cameroon
2018-03-04,2/26/2018,3/4/2018,116,24,0,0.0,Cameroon
2018-03-11,3/5/2018,3/11/2018,36,0,0,,Cameroon
2018-03-18,3/12/2018,3/18/2018,38,0,0,,Cameroon
2018-03-25,3/19/2018,3/25/2018,0,0,0,,Cameroon
2018-04-01,3/26/2018,4/1/2018,1,1,0,0.0,Cameroon
2018-04-08,4/2/2018,4/8/2018,205,88,2,2.272727272727273,Cameroon
2018-04-15,4/9/2018,4/15/2018,29,15,0,0.0,Cameroon
2018-04-22,4/16/2018,4/22/2018,1,1,0,0.0,Cameroon
2018-04-29,4/23/2018,4/29/2018,0,0,0,,Cameroon
2018-05-06,4/30/2018,5/6/2018,52,16,0,0.0,Cameroon
2018-05-13,5/7/2018,5/13/2018,127,63,2,3.1746031746031744,Cameroon
2018-05-20,5/14/2018,5/20/2018,189,39,0,0.0,Cameroon
2018-05-21,5/18/2018,5/21/2018,88,42,3,7.142857142857142,Cameroon
2018-05-24,5/18/2018,5/24/2018,116,28,0,0.0,Cameroon
2018-05-27,5/21/2018,5/27/2018,200,131,3,2.2900763358778624,Cameroon
2018-06-03,5/28/2018,6/3/2018,0,0,0,,Cameroon
2018-06-10,6/4/2018,6/10/2018,94,0,0,,Cameroon
2018-06-17,6/11/2018,6/17/2018,0,0,0,,Cameroon
2018-06-24,6/18/2018,6/24/2018,209,96,1,1.0416666666666665,Cameroon
2018-06-27,5/18/2018,6/27/2018,147,0,0,,Cameroon
2018-07-01,6/25/2018,7/1/2018,403,171,7,4.093567251461988,Cameroon
2018-07-08,7/2/2018,7/8/2018,0,0,0,,Cameroon
2018-07-15,7/9/2018,7/15/2018,121,20,0,0.0,Cameroon
2018-07-22,7/16/2018,7/22/2018,231,82,1,1.2195121951219512,Cameroon
2018-07-26,5/18/2018,7/26/2018,184,83,1,1.2048192771084338,Cameroon
2018-07-29,7/23/2018,7/29/2018,341,123,2,1.6260162601626018,Cameroon
2018-07-31,5/18/2018,7/31/2018,143,33,0,0.0,Cameroon
2018-08-05,7/30/2018,8/5/2018,221,78,1,1.282051282051282,Cameroon
2018-08-12,7/17/2018,8/12/2018,269,138,2,1.4492753623188406,Cameroon
2018-08-12,8/6/2018,8/12/2018,116,65,3,4.615384615384616,Cameroon
2018-08-13,5/18/2018,8/13/2018,76,37,1,2.7027027027027026,Cameroon
2018-08-17,5/18/2018,8/17/2018,111,14,1,7.142857142857142,Cameroon
2018-08-19,8/13/2018,8/19/2018,338,147,2,1.3605442176870748,Cameroon
2018-08-26,8/20/2018,8/26/2018,1338,517,7,1.3539651837524178,Cameroon
2018-09-02,8/27/2018,9/2/2018,260,138,3,2.1739130434782608,Cameroon
2018-09-03,5/18/2018,9/3/2018,179,19,1,5.263157894736842,Cameroon
2018-09-03,8/27/2018,9/3/2018,94,53,1,1.8867924528301887,Cameroon
2018-09-09,9/3/2018,9/9/2018,251,41,1,2.4390243902439024,Cameroon
2018-09-16,9/10/2018,9/16/2018,357,0,0,,Cameroon
2018-09-17,5/18/2018,9/17/2018,267,85,1,1.1764705882352942,Cameroon
2018-09-23,9/17/2018,9/23/2018,66,0,0,,Cameroon
2018-09-24,5/18/2018,9/24/2018,317,110,8,7.2727272727272725,Cameroon
2018-09-24,8/28/2018,9/24/2018,0,0,0,,Cameroon
2018-09-28,5/18/2018,9/28/2018,284,131,3,2.2900763358778624,Cameroon
2018-09-28,8/24/2018,9/28/2018,0,0,0,,Cameroon
2018-09-30,9/24/2018,9/30/2018,181,76,1,1.3157894736842104,Cameroon
2018-10-07,10/1/2018,10/7/2018,204,77,3,3.896103896103896,Cameroon
2018-10-12,5/18/2018,10/12/2018,49,4,0,0.0,Cameroon
2018-10-14,10/8/2018,10/14/2018,309,115,1,0.8695652173913043,Cameroon
2018-10-16,10/12/2018,10/16/2018,113,59,2,3.389830508474576,Cameroon
2018-10-16,8/27/2018,10/16/2018,0,0,0,,Cameroon
2018-10-21,10/15/2018,10/21/2018,141,38,0,0.0,Cameroon
2018-10-23,10/11/2018,10/23/2018,0,0,0,,Cameroon
2018-10-23,10/19/2018,10/23/2018,58,0,1,,Cameroon
2018-10-23,5/18/2018,10/23/2018,19,5,0,0.0,Cameroon
2018-10-23,8/27/2018,10/23/2018,52,20,0,0.0,Cameroon
2018-10-28,10/22/2018,10/28/2018,151,50,1,2.0,Cameroon
2018-10-29,10/11/2018,10/29/2018,0,0,0,,Cameroon
2018-10-29,10/23/2018,10/29/2018,75,11,0,0.0,Cameroon
2018-10-29,8/27/2018,10/29/2018,0,0,0,,Cameroon
2018-11-02,10/11/2018,11/2/2018,0,0,0,,Cameroon
2018-11-02,10/31/2018,11/2/2018,129,56,0,0.0,Cameroon
2018-11-02,8/27/2018,11/2/2018,0,0,0,,Cameroon
2018-11-04,10/29/2018,11/4/2018,258,70,2,2.857142857142857,Cameroon
2018-11-09,10/11/2018,11/9/2018,0,0,0,,Cameroon
2018-11-09,11/2/2018,11/9/2018,134,7,0,0.0,Cameroon
2018-11-09,8/27/2018,11/9/2018,0,0,0,,Cameroon
2018-11-11,11/5/2018,11/11/2018,121,27,1,3.7037037037037033,Cameroon
2018-11-18,11/12/2018,11/18/2018,72,8,0,0.0,Cameroon
2018-11-23,10/11/2018,11/23/2018,0,0,0,,Cameroon
2018-11-23,11/18/2018,11/23/2018,74,45,1,2.2222222222222223,Cameroon
2018-11-23,8/27/2018,11/23/2018,0,0,0,,Cameroon
2018-11-25,11/19/2018,11/25/2018,95,30,0,0.0,Cameroon
2018-11-28,11/23/2018,11/28/2018,113,57,2,3.508771929824561,Cameroon
2018-12-02,11/26/2018,12/2/2018,58,24,0,0.0,Cameroon
2018-12-09,12/3/2018,12/9/2018,39,0,0,,Cameroon
2018-12-16,12/10/2018,12/16/2018,53,31,1,3.225806451612903,Cameroon
2018-12-19,10/11/2018,12/19/2018,0,0,0,,Cameroon
2018-12-19,8/27/2018,12/19/2018,0,0,0,,Cameroon
2018-12-23,12/17/2018,12/23/2018,149,64,2,3.125,Cameroon
2018-12-30,12/24/2018,12/30/2018,50,0,0,,Cameroon
2018-12-31,5/18/2018,12/31/2018,36,14,0,0.0,Cameroon
2019-01-06,12/31/2018,1/6/2019,30,19,0,0.0,Cameroon
2019-01-13,1/7/2019,1/13/2019,0,0,0,,Cameroon
2019-01-20,1/14/2019,1/20/2019,45,13,0,0.0,Cameroon
2019-01-27,1/21/2019,1/27/2019,42,0,0,,Cameroon
2019-02-03,1/28/2019,2/3/2019,0,0,0,,Cameroon
2019-02-10,2/4/2019,2/10/2019,0,0,0,,Cameroon
2019-02-17,2/11/2019,2/17/2019,18,10,0,0.0,Cameroon
2019-02-24,2/18/2019,2/24/2019,14,5,0,0.0,Cameroon
2019-03-03,2/25/2019,3/3/2019,119,41,0,0.0,Cameroon
2019-03-10,3/4/2019,3/10/2019,22,10,0,0.0,Cameroon
2019-03-17,3/11/2019,3/17/2019,38,0,0,,Cameroon
2019-03-24,3/18/2019,3/24/2019,62,0,0,,Cameroon
2019-03-31,3/25/2019,3/31/2019,28,11,0,0.0,Cameroon
2019-04-07,4/1/2019,4/7/2019,87,16,0,0.0,Cameroon
2019-04-14,4/8/2019,4/14/2019,47,28,0,0.0,Cameroon
2019-04-21,4/15/2019,4/21/2019,58,25,0,0.0,Cameroon
2019-04-28,4/22/2019,4/28/2019,0,0,0,,Cameroon
2019-05-05,4/29/2019,5/5/2019,253,109,1,0.9174311926605505,Cameroon
2019-05-12,5/6/2019,5/12/2019,32,16,0,0.0,Cameroon
2019-05-15,5/1/2019,5/15/2019,207,0,0,,Cameroon
2019-05-19,5/13/2019,5/19/2019,146,39,0,0.0,Cameroon
2019-05-26,5/20/2019,5/26/2019,46,28,1,3.571428571428571,Cameroon
2019-06-02,5/27/2019,6/2/2019,32,9,0,0.0,Cameroon
2019-06-09,6/3/2019,6/9/2019,83,24,0,0.0,Cameroon
2019-06-16,6/10/2019,6/16/2019,83,37,1,2.7027027027027026,Cameroon
2019-06-23,6/17/2019,6/23/2019,46,22,1,4.545454545454546,Cameroon
2019-06-30,6/24/2019,6/30/2019,208,72,1,1.3888888888888888,Cameroon
2019-07-07,7/1/2019,7/7/2019,103,49,3,6.122448979591836,Cameroon
2019-07-14,7/8/2019,7/14/2019,151,66,2,3.0303030303030303,Cameroon
2019-07-21,7/15/2019,7/21/2019,136,48,1,2.083333333333333,Cameroon
2019-07-28,7/22/2019,7/28/2019,112,35,1,2.857142857142857,Cameroon
2019-08-04,7/29/2019,8/4/2019,28,1,0,0.0,Cameroon
2019-08-11,8/5/2019,8/11/2019,61,32,1,3.125,Cameroon
2019-08-18,8/12/2019,8/18/2019,204,79,0,0.0,Cameroon
2019-08-25,8/19/2019,8/25/2019,144,36,0,0.0,Cameroon
2019-09-01,8/26/2019,9/1/2019,101,67,1,1.4925373134328357,Cameroon
2019-09-08,9/2/2019,9/8/2019,157,83,5,6.024096385542169,Cameroon
2019-09-15,9/9/2019,9/15/2019,163,36,1,2.7777777777777777,Cameroon
2019-09-22,9/16/2019,9/22/2019,199,102,2,1.9607843137254901,Cameroon
2019-09-29,9/23/2019,9/29/2019,5,3,0,0.0,Cameroon
2019-10-06,9/30/2019,10/6/2019,192,0,0,,Cameroon
2019-10-13,10/7/2019,10/13/2019,222,101,1,0.9900990099009901,Cameroon
2019-10-20,10/14/2019,10/20/2019,54,30,1,3.3333333333333335,Cameroon
2019-10-27,10/21/2019,10/27/2019,221,117,5,4.273504273504273,Cameroon
2019-11-03,10/28/2019,11/3/2019,67,34,0,0.0,Cameroon
2019-11-10,11/4/2019,11/10/2019,111,46,1,2.1739130434782608,Cameroon
2019-11-17,11/11/2019,11/17/2019,40,0,0,,Cameroon
2019-11-24,11/18/2019,11/24/2019,60,0,0,,Cameroon
2019-12-01,11/25/2019,12/1/2019,77,22,1,4.545454545454546,Cameroon
2019-12-07,12/1/2019,12/7/2019,120,0,0,,Cameroon
2019-12-08,12/2/2019,12/8/2019,0,0,0,,Cameroon
2019-12-15,12/9/2019,12/15/2019,186,33,0,0.0,Cameroon
2019-12-22,12/16/2019,12/22/2019,104,14,0,0.0,Cameroon
2019-12-29,12/23/2019,12/29/2019,47,0,0,,Cameroon
2019-12-29,12/31/2018,12/29/2019,195,45,0,0.0,Cameroon
2019-12-31,1/1/2019,12/31/2019,952,245,16,6.530612244897959,Cameroon
2020-01-04,1/4/2020,1/4/2020,0,0,0,,Cameroon
2020-01-05,1/5/2020,1/5/2020,24,6,0,0.0,Cameroon
2020-01-05,12/30/2019,1/5/2020,11,0,0,,Cameroon
2020-01-06,1/6/2020,1/6/2020,0,0,0,,Cameroon
2020-01-07,1/7/2020,1/7/2020,0,0,0,,Cameroon
2020-01-08,1/8/2020,1/8/2020,0,0,0,,Cameroon
2020-01-09,1/9/2020,1/9/2020,0,0,0,,Cameroon
2020-01-09,11/29/2019,1/9/2020,0,0,0,,Cameroon
2020-01-09,12/24/2019,1/9/2020,0,0,0,,Cameroon
2020-01-09,5/18/2018,1/9/2020,439,189,15,7.936507936507936,Cameroon
2020-01-10,1/10/2020,1/10/2020,66,21,0,0.0,Cameroon
2020-01-11,1/11/2020,1/11/2020,0,0,0,,Cameroon
2020-01-12,1/12/2020,1/12/2020,0,0,0,,Cameroon
2020-01-12,1/6/2020,1/12/2020,20,4,0,0.0,Cameroon
2020-01-13,1/13/2020,1/13/2020,1,0,0,,Cameroon
2020-01-14,1/14/2020,1/14/2020,9,0,0,,Cameroon
2020-01-15,1/15/2020,1/15/2020,0,0,0,,Cameroon
2020-01-16,1/16/2020,1/16/2020,20,6,0,0.0,Cameroon
2020-01-17,1/17/2020,1/17/2020,0,0,0,,Cameroon
2020-01-18,1/18/2020,1/18/2020,0,0,0,,Cameroon
2020-01-19,1/13/2020,1/19/2020,0,0,0,,Cameroon
2020-01-19,1/19/2020,1/19/2020,0,0,0,,Cameroon
2020-01-20,1/20/2020,1/20/2020,100,51,1,1.9607843137254901,Cameroon
2020-01-20,11/25/2019,1/20/2020,0,0,0,,Cameroon
2020-01-20,12/16/2019,1/20/2020,0,0,0,,Cameroon
2020-01-20,5/18/2018,1/20/2020,16,4,0,0.0,Cameroon
2020-01-21,1/21/2020,1/21/2020,0,0,0,,Cameroon
2020-01-22,1/22/2020,1/22/2020,0,0,0,,Cameroon
2020-01-23,1/23/2020,1/23/2020,8,2,0,0.0,Cameroon
2020-01-24,1/24/2020,1/24/2020,19,0,0,,Cameroon
2020-01-25,1/25/2020,1/25/2020,17,10,0,0.0,Cameroon
2020-01-26,1/20/2020,1/26/2020,23,0,0,,Cameroon
2020-01-26,1/21/2020,1/26/2020,22,8,0,0.0,Cameroon
2020-01-26,11/25/2019,1/26/2020,0,0,0,,Cameroon
2020-01-26,12/16/2019,1/26/2020,0,0,0,,Cameroon
2020-01-26,5/18/2018,1/26/2020,72,19,1,5.263157894736842,Cameroon
2020-01-28,1/1/2020,1/28/2020,400,180,12,6.666666666666667,Cameroon
2020-02-02,1/27/2020,2/2/2020,0,0,0,,Cameroon
2020-02-09,2/3/2020,2/9/2020,17,0,0,,Cameroon
2020-02-16,2/10/2020,2/16/2020,44,7,0,0.0,Cameroon
2020-02-23,2/17/2020,2/23/2020,63,4,0,0.0,Cameroon
2020-03-01,2/24/2020,3/1/2020,0,0,0,,Cameroon
2020-03-08,3/2/2020,3/8/2020,0,0,0,,Cameroon
2020-03-15,3/9/2020,3/15/2020,0,0,0,,Cameroon
2020-03-22,3/16/2020,3/22/2020,0,0,0,,Cameroon
2020-03-29,3/23/2020,3/29/2020,36,0,0,,Cameroon
2020-04-05,3/30/2020,4/5/2020,0,0,0,,Cameroon
2020-04-12,4/6/2020,4/12/2020,0,0,0,,Cameroon
2020-04-19,4/13/2020,4/19/2020,75,22,0,0.0,Cameroon
2020-04-26,4/20/2020,4/26/2020,0,0,0,,Cameroon
2020-05-03,4/27/2020,5/3/2020,80,20,1,5.0,Cameroon
2020-05-10,5/4/2020,5/10/2020,258,94,2,2.127659574468085,Cameroon
2020-05-17,5/11/2020,5/17/2020,66,34,1,2.941176470588235,Cameroon
2020-05-18,11/11/2019,5/18/2020,0,0,0,,Cameroon
2020-05-24,5/18/2020,5/24/2020,34,0,0,,Cameroon
2020-05-31,5/25/2020,5/31/2020,15,0,0,,Cameroon
2020-06-07,6/1/2020,6/7/2020,57,15,1,6.666666666666667,Cameroon
2020-06-14,6/8/2020,6/14/2020,95,21,1,4.761904761904762,Cameroon
2020-06-19,2/10/2020,6/19/2020,15,7,0,0.0,Cameroon
2020-06-21,6/15/2020,6/21/2020,75,46,1,2.1739130434782608,Cameroon
2020-06-28,6/22/2020,6/28/2020,72,28,2,7.142857142857142,Cameroon
2020-07-05,6/29/2020,7/5/2020,119,27,2,7.4074074074074066,Cameroon
2020-07-12,7/6/2020,7/12/2020,111,35,1,2.857142857142857,Cameroon
2020-07-13,2/10/2020,7/13/2020,93,0,0,,Cameroon
2020-07-19,7/13/2020,7/19/2020,188,54,1,1.8518518518518516,Cameroon
2020-07-24,2/10/2020,7/24/2020,0,0,0,,Cameroon
2020-07-26,7/20/2020,7/26/2020,95,65,3,4.615384615384616,Cameroon
2020-07-28,2/10/2020,7/28/2020,48,0,0,,Cameroon
2020-07-29,2/10/2020,7/29/2020,29,0,0,,Cameroon
2020-08-02,7/27/2020,8/2/2020,113,36,1,2.7777777777777777,Cameroon
2020-08-09,8/3/2020,8/9/2020,150,64,3,4.6875,Cameroon
2020-08-10,2/10/2020,8/10/2020,139,0,0,,Cameroon
2020-08-16,8/10/2020,8/16/2020,86,32,0,0.0,Cameroon
2020-08-23,8/17/2020,8/23/2020,200,75,0,0.0,Cameroon
2020-08-30,8/24/2020,8/30/2020,99,42,0,0.0,Cameroon
2020-09-06,8/31/2020,9/6/2020,101,25,1,4.0,Cameroon
2020-09-11,9/11/2020,9/11/2020,0,0,0,,Cameroon
2020-09-12,9/12/2020,9/12/2020,0,0,0,,Cameroon
2020-09-13,9/13/2020,9/13/2020,0,0,0,,Cameroon
2020-09-13,9/7/2020,9/13/2020,129,54,1,1.8518518518518516,Cameroon
2020-09-14,9/14/2020,9/14/2020,85,43,1,2.3255813953488373,Cameroon
2020-09-15,9/15/2020,9/15/2020,126,69,0,0.0,Cameroon
2020-09-16,9/16/2020,9/16/2020,33,13,0,0.0,Cameroon
2020-09-17,9/15/2020,9/17/2020,74,42,0,0.0,Cameroon
2020-09-18,9/18/2020,9/18/2020,0,0,0,,Cameroon
2020-09-19,9/19/2020,9/19/2020,0,0,0,,Cameroon
2020-09-20,11/11/2019,9/20/2020,39,26,1,3.8461538461538463,Cameroon
2020-09-20,9/14/2020,9/20/2020,224,148,2,1.3513513513513513,Cameroon
2020-09-21,9/21/2020,9/21/2020,0,0,0,,Cameroon
2020-09-22,9/22/2020,9/22/2020,0,0,0,,Cameroon
2020-09-23,9/11/2020,9/23/2020,47,0,0,,Cameroon
2020-09-27,1/1/2020,9/27/2020,132,38,3,7.894736842105263,Cameroon
2020-09-27,9/21/2020,9/27/2020,140,0,0,,Cameroon
2020-10-04,9/28/2020,10/4/2020,103,60,0,0.0,Cameroon
2020-10-11,10/5/2020,10/11/2020,109,63,1,1.5873015873015872,Cameroon
2020-10-18,10/12/2020,10/18/2020,162,41,0,0.0,Cameroon
2020-10-25,1/1/2020,10/25/2020,858,20,1,5.0,Cameroon
2020-11-01,10/26/2020,11/1/2020,0,0,0,,Cameroon
2020-11-06,2/10/2020,11/6/2020,0,0,0,,Cameroon
2020-11-08,11/2/2020,11/8/2020,0,0,0,,Cameroon
2020-11-15,11/9/2020,11/15/2020,0,0,0,,Cameroon
2020-11-22,11/16/2020,11/22/2020,0,0,0,,Cameroon
2020-11-29,11/23/2020,11/29/2020,0,0,0,,Cameroon
2020-12-06,11/30/2020,12/6/2020,0,0,0,,Cameroon
2020-12-16,5/18/2018,12/16/2020,2968,969,77,7.946336429308566,Cameroon
2021-10-03,1/1/2021,10/3/2021,179,62,0,0.0,Cameroon
2021-11-02,1/1/2021,11/2/2021,105,19,1,5.263157894736842,Cameroon
2022-01-09,1/3/2022,1/9/2022,57,16,0,0.0,Cameroon
2022-01-16,1/10/2022,1/16/2022,158,67,2,2.9850746268656714,Cameroon
2022-01-23,1/17/2022,1/23/2022,108,0,0,,Cameroon
2022-01-30,1/24/2022,1/30/2022,37,0,0,,Cameroon
2022-02-06,1/31/2022,2/6/2022,190,0,0,,Cameroon
2022-02-13,2/7/2022,2/13/2022,150,28,0,0.0,Cameroon
2022-02-20,2/14/2022,2/20/2022,42,12,0,0.0,Cameroon
2022-02-27,2/21/2022,2/27/2022,125,0,0,,Cameroon
2022-03-06,1/24/2021,3/6/2022,0,0,0,,Cameroon
2022-03-06,2/28/2022,3/6/2022,208,84,5,5.952380952380952,Cameroon
2022-03-13,3/7/2022,3/13/2022,187,41,1,2.4390243902439024,Cameroon
2022-03-20,3/14/2022,3/20/2022,206,126,1,0.7936507936507936,Cameroon
2022-03-27,3/21/2022,3/27/2022,1352,139,1,0.7194244604316548,Cameroon
2022-04-03,3/28/2022,4/3/2022,858,126,4,3.1746031746031744,Cameroon
2022-04-10,4/4/2022,4/10/2022,602,259,4,1.5444015444015444,Cameroon
2022-04-17,4/11/2022,4/17/2022,0,0,0,,Cameroon
2022-04-24,4/18/2022,4/24/2022,102,51,1,1.9607843137254901,Cameroon
2022-05-01,4/25/2022,5/1/2022,589,73,2,2.73972602739726,Cameroon
2022-05-08,5/2/2022,5/8/2022,345,76,1,1.3157894736842104,Cameroon
2022-05-15,5/9/2022,5/15/2022,404,122,5,4.098360655737705,Cameroon
2022-05-22,5/16/2022,5/22/2022,157,64,0,0.0,Cameroon
2022-05-29,5/23/2022,5/29/2022,492,211,2,0.9478672985781991,Cameroon
2022-06-02,5/20/2022,6/2/2022,0,0,0,,Cameroon
2022-06-05,5/30/2022,6/5/2022,386,105,1,0.9523809523809524,Cameroon
2022-06-12,6/6/2022,6/12/2022,368,35,2,5.714285714285714,Cameroon
2022-06-19,6/13/2022,6/19/2022,176,28,1,3.571428571428571,Cameroon
2022-06-26,6/20/2022,6/26/2022,139,87,2,2.2988505747126435,Cameroon
2022-07-03,10/25/2021,7/3/2022,187,1,0,0.0,Cameroon
2022-07-03,6/27/2022,7/3/2022,340,140,2,1.4285714285714286,Cameroon
2022-08-03,7/17/2022,8/3/2022,0,0,0,,Cameroon
2022-09-08,8/29/2022,9/8/2022,447,213,7,3.286384976525822,Cameroon
2022-09-22,9/16/2022,9/22/2022,66,32,1,3.125,Cameroon
2022-10-13,10/7/2022,10/13/2022,293,115,6,5.217391304347826,Cameroon
2022-10-20,10/14/2022,10/20/2022,82,31,1,3.225806451612903,Cameroon
2022-10-20,10/25/2021,10/20/2022,6174,3994,64,1.6024036054081119,Cameroon
2022-10-21,10/10/2022,10/21/2022,176,0,0,,Cameroon
2022-11-03,10/28/2022,11/3/2022,246,144,5,3.4722222222222223,Cameroon
2022-11-10,11/4/2022,11/10/2022,94,20,0,0.0,Cameroon
2022-11-24,11/18/2022,11/24/2022,89,37,0,0.0,Cameroon
2022-12-08,12/2/2022,12/8/2022,71,18,0,0.0,Cameroon
2022-12-31,10/1/2021,12/31/2022,13438,5069,220,4.340106529887552,Cameroon
2023-01-05,12/30/2022,1/5/2023,75,7,0,0.0,Cameroon
