TL,TR,reporting_date,sCh,cCh,CFR
2020-01-01,2020-09-30,2020-09-30,0,0,
2018-05-18,2018-11-02,2018-11-02,745,53,7.55
2018-05-18,2018-07-05,2018-07-05,26,8,0.0
2010-05-06,2010-12-31,2010-12-31,10759,0,
2011-01-01,2011-09-22,2011-09-22,17121,0,
2010-05-03,2010-05-09,2010-05-09,81,22,4.55
2010-05-10,2010-05-16,2010-05-16,35,17,0.0
2010-05-17,2010-05-23,2010-05-23,67,0,
2010-05-24,2010-05-30,2010-05-30,27,0,
2010-05-31,2010-06-06,2010-06-06,50,14,7.14
2010-06-07,2010-06-13,2010-06-13,50,22,4.55
2010-06-14,2010-06-20,2010-06-20,54,34,5.88
2010-06-21,2010-06-27,2010-06-27,123,46,6.52
2010-06-28,2010-07-04,2010-07-04,189,59,6.78
2010-07-05,2010-07-11,2010-07-11,170,109,7.34
2010-07-12,2010-07-18,2010-07-18,286,0,
2010-07-19,2010-07-25,2010-07-25,297,0,
2010-07-26,2010-08-01,2010-08-01,440,265,7.92
2010-08-02,2010-08-08,2010-08-08,588,385,7.79
2010-08-09,2010-08-15,2010-08-15,742,247,7.69
2010-08-16,2010-08-22,2010-08-22,785,340,7.94
2010-08-23,2010-08-29,2010-08-29,939,250,8.0
2010-08-30,2010-09-05,2010-09-05,916,356,7.87
2010-09-06,2010-09-12,2010-09-12,789,0,
2010-09-13,2010-09-19,2010-09-19,730,469,7.89
2010-09-20,2010-09-26,2010-09-26,576,255,7.84
2010-09-27,2010-10-03,2010-10-03,394,99,7.07
2010-10-04,2010-10-10,2010-10-10,336,215,7.91
2010-10-11,2010-10-17,2010-10-17,0,0,
2010-10-18,2010-10-24,2010-10-24,239,98,7.14
2010-10-25,2010-10-31,2010-10-31,0,0,
2010-11-01,2010-11-07,2010-11-07,147,45,6.67
2010-11-08,2010-11-14,2010-11-14,193,43,6.98
2010-11-15,2010-11-21,2010-11-21,185,80,7.5
2010-11-22,2010-11-28,2010-11-28,193,116,5.17
2010-11-29,2010-12-05,2010-12-05,174,94,5.32
2010-12-06,2010-12-12,2010-12-12,135,0,
2010-12-13,2010-12-19,2010-12-19,11,6,0.0
2010-12-20,2010-12-26,2010-12-26,135,32,6.25
2010-12-27,2011-01-02,2011-01-02,185,66,7.58
2011-01-03,2011-01-09,2011-01-09,135,77,3.9
2011-01-10,2011-01-16,2011-01-16,100,28,7.14
2011-01-17,2011-01-23,2011-01-23,143,66,6.06
2011-01-24,2011-01-30,2011-01-30,131,33,6.06
2011-01-31,2011-02-06,2011-02-06,154,65,3.08
2011-02-07,2011-02-13,2011-02-13,166,108,4.63
2011-02-14,2011-02-20,2011-02-20,178,0,
2011-02-21,2011-02-27,2011-02-27,178,115,3.48
2011-02-28,2011-03-06,2011-03-06,197,0,
2011-03-07,2011-03-13,2011-03-13,197,68,7.35
2011-03-14,2011-03-20,2011-03-20,297,0,
2011-03-21,2011-03-27,2011-03-27,495,122,7.38
2011-03-28,2011-04-03,2011-04-03,406,104,7.69
2011-04-04,2011-04-10,2011-04-10,429,103,7.77
2011-04-11,2011-04-17,2011-04-17,375,0,
2011-04-18,2011-04-24,2011-04-24,537,172,7.56
2011-04-25,2011-05-01,2011-05-01,0,0,
2011-05-02,2011-05-08,2011-05-08,0,0,
2011-05-09,2011-05-15,2011-05-15,669,363,6.06
2011-05-16,2011-05-22,2011-05-22,0,0,
2011-05-23,2011-05-29,2011-05-29,522,0,
2011-05-30,2011-06-05,2011-06-05,464,245,7.76
2011-06-06,2011-06-12,2011-06-12,375,0,
2011-06-13,2011-06-19,2011-06-19,460,116,7.76
2011-06-20,2011-06-26,2011-06-26,394,149,7.38
2011-06-27,2011-07-03,2011-07-03,255,73,6.85
2011-07-04,2011-07-10,2011-07-10,580,0,
2011-07-11,2011-07-17,2011-07-17,0,0,
2011-07-18,2011-07-24,2011-07-24,580,132,7.58
2011-07-25,2011-07-31,2011-07-31,595,0,
2011-08-01,2011-08-07,2011-08-07,0,0,
2011-08-08,2011-08-14,2011-08-14,518,259,7.72
2011-08-15,2011-08-21,2011-08-21,816,0,
2011-08-22,2011-08-28,2011-08-28,909,0,
2011-08-29,2011-09-04,2011-09-04,731,465,7.96
2011-09-05,2011-09-11,2011-09-11,487,294,4.76
2011-09-12,2011-09-18,2011-09-18,541,0,
2011-09-19,2011-09-25,2011-09-25,696,0,
2018-05-18,2018-07-08,2018-07-08,57,5,0.0
2018-07-02,2018-07-08,2018-07-08,72,28,3.57
2018-06-25,2018-07-01,2018-07-01,20,7,0.0
2018-05-14,2018-05-20,2018-05-20,81,51,1.96
2018-05-21,2018-05-27,2018-05-27,64,35,2.86
2018-05-28,2018-06-03,2018-06-03,0,0,
2018-06-04,2018-06-10,2018-06-10,14,7,0.0
2018-06-11,2018-06-17,2018-06-17,0,0,
2018-06-18,2018-06-24,2018-06-24,0,0,
2010-05-01,2010-08-26,2010-08-26,41,0,
2018-11-18,2018-11-23,2018-11-23,46,22,0.0
2018-05-18,2018-10-29,2018-10-29,645,186,7.53
2018-10-23,2018-10-29,2018-10-29,75,0,
2018-05-18,2018-09-24,2018-09-24,367,175,8.0
2018-09-07,2018-09-24,2018-09-24,116,74,6.76
2018-05-18,2018-07-31,2018-07-31,120,50,8.0
2018-05-18,2018-08-09,2018-08-09,161,56,7.14
2018-08-06,2018-08-12,2018-08-12,73,0,
2018-05-18,2018-08-12,2018-08-12,101,61,1.64
2015-01-01,2015-01-07,2015-01-07,0,0,
2015-01-01,2015-12-28,2015-12-28,0,0,
2015-01-08,2015-01-14,2015-01-14,0,0,
2015-01-15,2015-01-21,2015-01-21,0,0,
2015-01-22,2015-01-28,2015-01-28,0,0,
2015-01-29,2015-02-04,2015-02-04,0,0,
2015-02-05,2015-03-11,2015-03-11,0,0,
2015-03-12,2015-03-18,2015-03-18,0,0,
2015-03-19,2015-03-25,2015-03-25,38,17,0.0
2015-03-26,2015-04-01,2015-04-01,0,0,
2015-04-02,2015-04-08,2015-04-08,28,0,
2015-04-09,2015-04-15,2015-04-15,0,0,
2015-04-16,2015-04-22,2015-04-22,0,0,
2015-04-23,2015-04-29,2015-04-29,0,0,
2015-04-30,2015-05-06,2015-05-06,174,117,1.71
2015-05-07,2015-05-13,2015-05-13,0,0,
2015-05-14,2015-05-20,2015-05-20,53,0,
2015-05-21,2015-05-27,2015-05-27,0,0,
2015-05-28,2015-06-03,2015-06-03,0,0,
2015-06-04,2015-06-10,2015-06-10,77,31,0.0
2015-06-11,2015-06-17,2015-06-17,0,0,
2015-06-18,2015-06-24,2015-06-24,28,0,
2015-06-25,2015-07-01,2015-07-01,0,0,
2015-07-02,2015-07-08,2015-07-08,0,0,
2015-07-09,2015-07-15,2015-07-15,33,0,
2015-07-16,2015-07-22,2015-07-22,0,0,
2015-07-23,2015-07-29,2015-07-29,80,27,3.7
2015-07-30,2015-08-05,2015-08-05,27,14,0.0
2015-08-06,2015-08-12,2015-08-12,0,0,
2015-08-13,2015-08-19,2015-08-19,60,14,0.0
2015-08-20,2015-08-26,2015-08-26,102,37,5.41
2015-08-27,2015-09-02,2015-09-02,21,8,0.0
2015-09-03,2015-09-09,2015-09-09,0,0,
2015-09-10,2015-09-16,2015-09-16,66,18,0.0
2015-09-17,2015-09-23,2015-09-23,0,0,
2015-09-24,2015-09-30,2015-09-30,0,0,
2015-10-01,2015-10-07,2015-10-07,51,0,
2015-10-08,2015-10-14,2015-10-14,0,0,
2015-10-15,2015-10-21,2015-10-21,47,20,0.0
2015-10-22,2015-10-28,2015-10-28,22,11,0.0
2015-10-29,2015-11-04,2015-11-04,35,14,0.0
2015-11-05,2015-11-11,2015-11-11,24,11,0.0
2015-11-12,2015-11-18,2015-11-18,0,0,
2015-11-19,2015-11-25,2015-11-25,49,16,0.0
2015-11-26,2015-12-02,2015-12-02,14,0,
2015-12-03,2015-12-09,2015-12-09,0,0,
2015-12-10,2015-12-16,2015-12-16,30,12,0.0
2015-12-17,2015-12-23,2015-12-23,0,0,
2015-12-24,2015-12-30,2015-12-30,43,0,
2015-12-31,2016-01-06,2016-01-06,0,0,
2016-01-01,2016-12-28,2016-12-28,42,0,
2016-01-07,2016-01-13,2016-01-13,0,0,
2016-01-14,2016-01-20,2016-01-20,0,0,
2016-01-21,2016-01-27,2016-01-27,0,0,
2016-01-28,2016-02-03,2016-02-03,0,0,
2016-02-04,2016-02-10,2016-02-10,0,0,
2016-02-11,2016-02-17,2016-02-17,0,0,
2016-02-18,2016-02-24,2016-02-24,0,0,
2016-02-25,2016-03-02,2016-03-02,0,0,
2016-03-03,2016-03-09,2016-03-09,0,0,
2016-03-10,2016-03-16,2016-03-16,0,0,
2016-03-17,2016-03-23,2016-03-23,0,0,
2016-03-24,2016-03-30,2016-03-30,0,0,
2016-03-31,2016-04-06,2016-04-06,2,1,0.0
2016-04-07,2016-04-13,2016-04-13,0,0,
2016-04-14,2016-04-20,2016-04-20,0,0,
2016-04-21,2016-04-27,2016-04-27,0,0,
2016-04-28,2016-05-04,2016-05-04,60,23,0.0
2016-05-05,2016-05-11,2016-05-11,21,0,
2016-05-12,2016-05-18,2016-05-18,0,0,
2016-05-19,2016-05-25,2016-05-25,0,0,
2016-05-26,2016-06-01,2016-06-01,0,0,
2016-06-02,2016-06-08,2016-06-08,0,0,
2016-06-09,2016-06-15,2016-06-15,0,0,
2016-06-16,2016-06-22,2016-06-22,0,0,
2016-06-23,2016-06-29,2016-06-29,0,0,
2016-06-30,2016-07-06,2016-07-06,0,0,
2016-07-07,2016-07-13,2016-07-13,0,0,
2016-07-14,2016-07-20,2016-07-20,98,40,0.0
2016-07-21,2016-07-27,2016-07-27,0,0,
2016-07-28,2016-08-03,2016-08-03,67,28,3.57
2016-08-04,2016-08-10,2016-08-10,65,20,5.0
2016-08-11,2016-08-17,2016-08-17,0,0,
2016-08-18,2016-08-24,2016-08-24,92,0,
2016-08-25,2016-08-31,2016-08-31,0,0,
2016-09-01,2016-09-07,2016-09-07,0,0,
2016-09-08,2016-09-14,2016-09-14,0,0,
2016-09-15,2016-09-21,2016-09-21,39,0,
2016-09-22,2016-09-28,2016-09-28,0,0,
2016-09-29,2016-10-05,2016-10-05,0,0,
2016-10-06,2016-10-12,2016-10-12,0,0,
2016-10-13,2016-10-19,2016-10-19,0,0,
2016-10-20,2016-10-26,2016-10-26,32,0,
2016-10-27,2016-11-02,2016-11-02,0,0,
2016-11-03,2016-11-09,2016-11-09,0,0,
2016-11-10,2016-11-16,2016-11-16,33,15,0.0
2016-11-17,2016-11-23,2016-11-23,94,0,
2016-11-24,2016-11-30,2016-11-30,62,0,
2016-12-01,2016-12-07,2016-12-07,59,14,0.0
2016-12-08,2016-12-14,2016-12-14,0,0,
2016-12-15,2016-12-21,2016-12-21,0,0,
2016-12-22,2016-12-28,2016-12-28,0,0,
2018-01-01,2018-01-07,2018-01-07,0,0,
2018-01-08,2018-01-14,2018-01-14,0,0,
2018-01-15,2018-01-21,2018-01-21,0,0,
2018-01-22,2018-01-28,2018-01-28,0,0,
2018-01-29,2018-02-04,2018-02-04,0,0,
2018-02-05,2018-02-11,2018-02-11,0,0,
2018-02-12,2018-02-18,2018-02-18,1,0,
2018-02-19,2018-02-25,2018-02-25,0,0,
2018-02-26,2018-03-04,2018-03-04,0,0,
2018-03-05,2018-03-11,2018-03-11,0,0,
2018-03-12,2018-03-18,2018-03-18,3,0,
2018-03-19,2018-03-25,2018-03-25,0,0,
2018-03-26,2018-04-01,2018-04-01,54,36,2.78
2018-04-02,2018-04-08,2018-04-08,12,0,
2018-04-09,2018-04-15,2018-04-15,0,0,
2018-04-16,2018-04-22,2018-04-22,6,3,0.0
2018-04-23,2018-04-29,2018-04-29,0,0,
2018-04-30,2018-05-06,2018-05-06,0,0,
2018-05-07,2018-05-13,2018-05-13,18,0,
2018-07-09,2018-07-15,2018-07-15,5,0,
2018-07-16,2018-07-22,2018-07-22,70,45,0.0
2018-07-23,2018-07-29,2018-07-29,95,43,2.33
2018-07-30,2018-08-05,2018-08-05,38,11,0.0
2018-08-13,2018-08-19,2018-08-19,52,0,
2018-08-27,2018-09-02,2018-09-02,38,24,4.17
2018-09-03,2018-09-09,2018-09-09,28,0,
2018-09-10,2018-09-16,2018-09-16,51,0,
2018-09-17,2018-09-23,2018-09-23,245,130,3.08
2018-09-24,2018-09-30,2018-09-30,52,32,0.0
2018-10-01,2018-10-07,2018-10-07,56,16,0.0
2018-10-08,2018-10-14,2018-10-14,0,0,
2018-10-15,2018-10-21,2018-10-21,99,0,
2018-10-22,2018-10-28,2018-10-28,102,0,
2018-10-29,2018-11-04,2018-11-04,101,0,
2018-11-05,2018-11-11,2018-11-11,0,0,
2018-11-12,2018-11-18,2018-11-18,51,0,
2018-11-19,2018-11-25,2018-11-25,33,14,0.0
2018-11-26,2018-12-02,2018-12-02,22,0,
2018-12-03,2018-12-09,2018-12-09,47,27,3.7
2018-12-10,2018-12-16,2018-12-16,0,0,
2018-12-17,2018-12-23,2018-12-23,32,20,0.0
2018-12-24,2018-12-30,2018-12-30,0,0,
2018-12-31,2019-01-06,2019-01-06,0,0,
2019-01-07,2019-01-13,2019-01-13,26,0,
2019-01-14,2019-01-20,2019-01-20,14,5,0.0
2019-01-21,2019-01-27,2019-01-27,25,15,0.0
2019-01-28,2019-02-03,2019-02-03,50,21,0.0
2019-02-04,2019-02-10,2019-02-10,0,0,
2019-02-11,2019-02-17,2019-02-17,0,0,
2019-02-18,2019-02-24,2019-02-24,22,5,0.0
2019-02-25,2019-03-03,2019-03-03,31,19,0.0
2019-03-04,2019-03-10,2019-03-10,62,30,0.0
2019-03-11,2019-03-17,2019-03-17,61,0,
2019-03-18,2019-03-24,2019-03-24,50,0,
2019-03-25,2019-03-31,2019-03-31,3,0,
2019-04-01,2019-04-07,2019-04-07,40,24,4.17
2019-04-08,2019-04-14,2019-04-14,51,26,3.85
2019-04-15,2019-04-21,2019-04-21,77,44,0.0
2019-04-22,2019-04-28,2019-04-28,58,15,0.0
2019-04-29,2019-05-05,2019-05-05,27,0,
2019-05-06,2019-05-12,2019-05-12,30,16,0.0
2019-05-13,2019-05-19,2019-05-19,0,0,
2019-05-20,2019-05-26,2019-05-26,54,15,0.0
2019-05-27,2019-06-02,2019-06-02,82,0,
2019-06-03,2019-06-09,2019-06-09,34,14,0.0
2019-06-17,2019-06-23,2019-06-23,53,0,
2019-06-24,2019-06-30,2019-06-30,65,25,0.0
2019-07-01,2019-07-07,2019-07-07,28,18,5.56
2019-07-08,2019-07-14,2019-07-14,28,0,
2019-07-15,2019-07-21,2019-07-21,68,26,0.0
2019-07-22,2019-07-28,2019-07-28,43,13,7.69
2019-07-29,2019-08-04,2019-08-04,35,20,5.0
2019-08-05,2019-08-11,2019-08-11,33,15,6.67
2019-08-12,2019-08-18,2019-08-18,28,17,0.0
2019-08-19,2019-08-25,2019-08-25,0,0,
2019-08-26,2019-09-01,2019-09-01,49,29,3.45
2019-09-02,2019-09-08,2019-09-08,69,17,5.88
2019-09-09,2019-09-15,2019-09-15,16,0,
2019-09-16,2019-09-22,2019-09-22,39,20,0.0
2019-09-23,2019-09-29,2019-09-29,28,12,0.0
2019-09-30,2019-10-06,2019-10-06,93,39,0.0
2019-10-07,2019-10-13,2019-10-13,82,52,1.92
2019-10-14,2019-10-20,2019-10-20,40,0,
2019-10-21,2019-10-27,2019-10-27,31,0,
2019-10-28,2019-11-03,2019-11-03,3,0,
2019-11-04,2019-11-10,2019-11-10,13,0,
2019-11-11,2019-11-17,2019-11-17,101,36,5.56
2019-11-18,2019-11-24,2019-11-24,44,24,4.17
2019-11-25,2019-12-01,2019-12-01,70,21,4.76
2019-12-02,2019-12-08,2019-12-08,62,29,3.45
2019-12-09,2019-12-15,2019-12-15,0,0,
2019-12-16,2019-12-22,2019-12-22,60,39,5.13
2019-12-23,2019-12-29,2019-12-29,49,0,
2021-01-04,2021-01-10,2021-01-10,0,0,
2021-01-04,2021-07-04,2021-07-04,50,26,3.85
2021-01-11,2021-01-17,2021-01-17,0,0,
2021-01-18,2021-01-24,2021-01-24,0,0,
2021-01-25,2021-01-31,2021-01-31,42,15,0.0
2021-02-01,2021-02-07,2021-02-07,44,26,3.85
2021-02-08,2021-02-14,2021-02-14,0,0,
2021-02-15,2021-02-21,2021-02-21,50,0,
2021-02-22,2021-02-28,2021-02-28,10,0,
2021-03-01,2021-03-07,2021-03-07,0,0,
2021-03-08,2021-03-14,2021-03-14,44,27,3.7
2021-03-15,2021-03-21,2021-03-21,0,0,
2021-03-22,2021-03-28,2021-03-28,0,0,
2021-03-29,2021-04-04,2021-04-04,0,0,
2021-04-05,2021-04-11,2021-04-11,0,0,
2021-04-12,2021-04-18,2021-04-18,0,0,
2021-04-19,2021-04-25,2021-04-25,28,16,0.0
2021-04-26,2021-05-02,2021-05-02,0,0,
2021-05-03,2021-05-09,2021-05-09,0,0,
2021-05-10,2021-05-16,2021-05-16,0,0,
2021-05-17,2021-05-23,2021-05-23,0,0,
2021-05-24,2021-05-30,2021-05-30,19,8,0.0
2021-05-31,2021-06-06,2021-06-06,0,0,
2021-06-07,2021-06-13,2021-06-13,0,0,
2021-06-14,2021-06-20,2021-06-20,0,0,
2021-06-21,2021-06-27,2021-06-27,0,0,
2021-06-28,2021-07-04,2021-07-04,0,0,
2021-07-05,2021-07-11,2021-07-11,0,0,
2021-07-12,2021-07-18,2021-07-18,14,6,0.0
2021-07-19,2021-07-25,2021-07-25,0,0,
2021-07-26,2021-08-01,2021-08-01,0,0,
2021-08-02,2021-08-08,2021-08-08,25,8,0.0
2021-08-09,2021-08-15,2021-08-15,0,0,
2021-08-16,2021-08-22,2021-08-22,0,0,
2021-08-23,2021-08-29,2021-08-29,0,0,
2021-08-30,2021-09-05,2021-09-05,0,0,
2021-09-06,2021-09-12,2021-09-12,0,0,
2021-09-13,2021-09-19,2021-09-19,61,18,0.0
2021-09-20,2021-09-26,2021-09-26,0,0,
2021-09-27,2021-10-03,2021-10-03,0,0,
2021-10-04,2021-10-10,2021-10-10,0,0,
2021-10-11,2021-10-17,2021-10-17,56,0,
2021-10-18,2021-10-24,2021-10-24,23,0,
2021-10-25,2021-10-31,2021-10-31,13,6,0.0
2021-11-01,2021-11-07,2021-11-07,84,0,
2021-11-08,2021-11-14,2021-11-14,34,11,0.0
2021-11-15,2021-11-21,2021-11-21,0,0,
2021-11-22,2021-11-28,2021-11-28,20,0,
2021-11-29,2021-12-05,2021-12-05,201,75,1.33
2021-12-06,2021-12-12,2021-12-12,108,0,
2021-12-13,2021-12-19,2021-12-19,64,0,
2021-12-20,2021-12-26,2021-12-26,0,0,
2021-12-27,2022-01-02,2022-01-02,192,103,0.97
2022-01-03,2022-01-09,2022-01-09,94,0,
2022-01-03,2023-01-01,2023-01-01,14029,0,
2022-01-10,2022-01-16,2022-01-16,0,0,
2022-01-17,2022-01-23,2022-01-23,128,59,1.69
2022-01-24,2022-01-30,2022-01-30,182,0,
2022-01-31,2022-02-06,2022-02-06,236,0,
2022-02-07,2022-02-13,2022-02-13,128,0,
2022-02-14,2022-02-20,2022-02-20,148,77,0.0
2022-02-21,2022-02-27,2022-02-27,231,0,
2022-02-28,2022-03-06,2022-03-06,192,125,3.2
2022-03-07,2022-03-13,2022-03-13,212,57,1.75
2022-03-14,2022-03-20,2022-03-20,556,0,
2022-03-21,2022-03-27,2022-03-27,1403,854,0.7
2022-03-28,2022-04-03,2022-04-03,994,559,2.33
2022-04-04,2022-04-10,2022-04-10,665,0,
2022-04-11,2022-04-17,2022-04-17,610,359,0.84
2022-04-18,2022-04-24,2022-04-24,492,0,
2022-04-25,2022-05-01,2022-05-01,458,264,1.89
2022-05-02,2022-05-08,2022-05-08,409,162,1.23
2022-05-09,2022-05-15,2022-05-15,320,153,2.61
2022-05-16,2022-05-22,2022-05-22,271,178,2.25
2022-05-23,2022-05-29,2022-05-29,463,0,
2022-05-30,2022-06-05,2022-06-05,330,121,2.48
2022-06-06,2022-06-12,2022-06-12,0,0,
2022-06-13,2022-06-19,2022-06-19,217,54,1.85
2022-06-20,2022-06-26,2022-06-26,236,0,
2022-06-27,2022-07-03,2022-07-03,310,191,1.05
2022-07-04,2022-07-10,2022-07-10,158,0,
2022-07-11,2022-07-17,2022-07-17,158,0,
2022-07-18,2022-07-24,2022-07-24,182,0,
2022-07-25,2022-07-31,2022-07-31,0,0,
2022-08-01,2022-08-07,2022-08-07,0,0,
2022-08-08,2022-08-14,2022-08-14,172,61,3.28
2022-08-15,2022-08-21,2022-08-21,340,0,
2022-08-22,2022-08-28,2022-08-28,399,205,2.44
2022-08-29,2022-09-04,2022-09-04,5,0,
2022-09-05,2022-09-11,2022-09-11,300,140,1.43
2022-09-12,2022-09-18,2022-09-18,256,0,
2022-09-19,2022-09-25,2022-09-25,271,128,4.69
2022-09-26,2022-10-02,2022-10-02,207,116,2.59
2022-10-03,2022-10-09,2022-10-09,290,0,
2022-10-10,2022-10-16,2022-10-16,225,0,
2022-10-17,2022-10-23,2022-10-23,161,62,4.84
2022-10-24,2022-10-30,2022-10-30,128,0,
2022-10-31,2022-11-06,2022-11-06,165,88,1.14
2022-11-07,2022-11-13,2022-11-13,0,0,
2022-11-14,2022-11-20,2022-11-20,73,21,4.76
2022-11-21,2022-11-27,2022-11-27,83,50,2.0
2022-11-28,2022-12-04,2022-12-04,0,0,
2022-12-05,2022-12-11,2022-12-11,26,16,0.0
2022-12-12,2022-12-18,2022-12-18,36,18,0.0
2022-12-19,2022-12-25,2022-12-25,105,26,3.85
2022-12-26,2023-01-01,2023-01-01,35,20,5.0
2018-12-07,2018-12-14,2018-12-14,0,0,
2018-05-18,2019-05-15,2019-05-15,1060,97,7.22
2019-03-01,2019-03-31,2019-03-31,0,0,
2010-04-01,2010-10-25,2010-10-25,8528,0,
2018-05-18,2018-07-26,2018-07-26,0,0,
2018-05-18,2018-09-17,2018-09-17,310,188,7.98
2011-01-01,2011-08-31,2011-08-31,14730,6056,7.99
2018-05-18,2018-08-13,2018-08-13,168,17,5.88
2018-05-18,2018-09-28,2018-09-28,0,0,
2018-05-18,2020-01-26,2020-01-26,2226,988,8.0
2018-05-18,2020-01-20,2020-01-20,2222,520,7.88
2010-05-06,2010-10-03,2010-10-03,7869,0,
2018-05-18,2018-09-03,2018-09-03,251,23,4.35
2018-08-10,2018-09-03,2018-09-03,90,54,7.41
2018-08-31,2018-09-03,2018-09-03,0,0,
1971-01-01,1971-12-31,1971-12-31,2167,1001,7.99
1972-01-01,1972-12-31,1972-12-31,0,0,
1973-01-01,1973-12-31,1973-12-31,206,0,
1974-01-01,1974-12-31,1974-12-31,0,0,
1975-01-01,1975-12-31,1975-12-31,0,0,
1976-01-01,1976-12-31,1976-12-31,135,52,7.69
1978-01-01,1978-12-31,1978-12-31,25,8,0.0
1979-01-01,1979-12-31,1979-12-31,16,8,0.0
1980-01-01,1980-12-31,1980-12-31,229,0,
1981-01-01,1981-12-31,1981-12-31,0,0,
1982-01-01,1982-12-31,1982-12-31,8,4,0.0
1983-01-01,1983-12-31,1983-12-31,55,30,6.67
1984-01-01,1984-12-31,1984-12-31,392,137,7.3
1985-01-01,1985-12-31,1985-12-31,1158,0,
1986-01-01,1986-12-31,1986-12-31,165,0,
1987-01-01,1987-12-31,1987-12-31,94,0,
1988-01-01,1988-12-31,1988-12-31,26,6,0.0
1989-01-01,1989-12-31,1989-12-31,23,11,0.0
1990-01-01,1990-12-31,1990-12-31,32,0,
1991-01-01,1991-12-31,1991-12-31,4026,1910,7.96
1992-01-01,1992-12-31,1992-12-31,1268,471,7.86
1993-01-01,1993-12-31,1993-12-31,0,0,
1994-01-01,1994-12-31,1994-12-31,527,255,7.84
1995-01-01,1995-12-31,1995-12-31,615,292,7.19
1996-01-01,1996-12-31,1996-12-31,5796,1773,7.95
1997-01-01,1997-12-31,1997-12-31,1709,798,7.89
1998-01-01,1998-12-31,1998-12-31,4603,0,
1999-01-01,1999-12-31,1999-12-31,1584,527,6.64
2000-01-01,2000-12-31,2000-12-31,123,0,
2001-01-01,2001-12-31,2001-12-31,259,68,7.35
2002-01-01,2002-12-31,2002-12-31,66,20,5.0
2003-01-01,2003-12-31,2003-12-31,207,96,7.29
2004-01-01,2004-12-31,2004-12-31,230,0,
2005-01-01,2005-12-31,2005-12-31,2847,1138,8.0
2006-01-01,2006-12-31,2006-12-31,922,0,
2007-01-01,2007-12-31,2007-12-31,50,23,4.35
2008-01-01,2008-12-31,2008-12-31,0,0,
2009-01-01,2009-12-31,2009-12-31,804,0,
2010-01-01,2010-12-31,2010-12-31,10759,5572,7.99
2011-01-01,2011-12-31,2011-12-31,22433,0,
2012-01-01,2012-12-31,2012-12-31,363,169,2.96
2013-01-01,2013-12-31,2013-12-31,38,0,
2014-01-01,2014-12-31,2014-12-31,3355,1391,7.98
2015-01-01,2015-12-31,2015-12-31,0,0,
2017-01-01,2017-12-31,2017-12-31,59,0,
2018-01-01,2018-12-31,2018-12-31,1052,638,7.99
2019-01-01,2019-12-31,2019-12-31,1840,916,7.97
2020-01-01,2020-12-31,2020-12-31,1890,0,
2021-01-01,2021-12-31,2021-12-31,728,0,
2022-01-01,2022-12-31,2022-12-31,14431,4978,5.6
2023-01-01,2023-12-31,2023-12-31,6470,4984,4.19
2018-05-18,2018-10-16,2018-10-16,507,46,6.52
2019-06-10,2019-06-16,2019-06-16,2,0,
2018-05-18,2018-10-23,2018-10-23,82,51,7.84
2018-05-18,2018-05-18,2018-05-18,0,0,
2018-05-13,2018-05-13,2018-05-13,0,0,
2018-05-14,2018-05-14,2018-05-14,0,0,
2018-05-15,2018-05-15,2018-05-15,0,0,
2018-05-16,2018-05-16,2018-05-16,0,0,
2018-05-17,2018-05-17,2018-05-17,0,0,
2018-05-19,2018-05-19,2018-05-19,41,0,
2018-05-20,2018-05-20,2018-05-20,50,20,0.0
2018-05-21,2018-05-21,2018-05-21,0,0,
2018-05-22,2018-05-22,2018-05-22,167,0,
2018-05-23,2018-05-23,2018-05-23,0,0,
2018-05-24,2018-05-24,2018-05-24,0,0,
2018-05-25,2018-05-25,2018-05-25,0,0,
2018-05-26,2018-05-26,2018-05-26,0,0,
2018-05-27,2018-05-27,2018-05-27,0,0,
2018-05-28,2018-05-28,2018-05-28,0,0,
2018-05-29,2018-05-29,2018-05-29,0,0,
2018-05-30,2018-05-30,2018-05-30,0,0,
2018-05-31,2018-05-31,2018-05-31,0,0,
2018-06-01,2018-06-01,2018-06-01,0,0,
2018-06-02,2018-06-02,2018-06-02,0,0,
2018-06-03,2018-06-03,2018-06-03,0,0,
2018-06-04,2018-06-04,2018-06-04,0,0,
2018-06-05,2018-06-05,2018-06-05,0,0,
2018-06-06,2018-06-06,2018-06-06,0,0,
2018-06-07,2018-06-07,2018-06-07,0,0,
2018-06-08,2018-06-08,2018-06-08,0,0,
2018-06-09,2018-06-09,2018-06-09,0,0,
2018-06-10,2018-06-10,2018-06-10,0,0,
2018-06-11,2018-06-11,2018-06-11,0,0,
2018-06-12,2018-06-12,2018-06-12,0,0,
2018-06-13,2018-06-13,2018-06-13,0,0,
2018-06-14,2018-06-14,2018-06-14,0,0,
2018-06-15,2018-06-15,2018-06-15,0,0,
2018-06-16,2018-06-16,2018-06-16,243,114,2.63
2018-06-17,2018-06-17,2018-06-17,0,0,
2018-06-18,2018-06-18,2018-06-18,0,0,
2018-06-19,2018-06-19,2018-06-19,0,0,
2018-06-20,2018-06-20,2018-06-20,0,0,
2018-06-21,2018-06-21,2018-06-21,0,0,
2018-06-22,2018-06-22,2018-06-22,0,0,
2018-06-23,2018-06-23,2018-06-23,0,0,
2018-06-24,2018-06-24,2018-06-24,0,0,
2018-06-25,2018-06-25,2018-06-25,24,16,0.0
2018-06-26,2018-06-26,2018-06-26,0,0,
2018-06-27,2018-06-27,2018-06-27,54,16,6.25
2018-06-28,2018-06-28,2018-06-28,44,22,0.0
2018-06-29,2018-06-29,2018-06-29,0,0,
2018-06-30,2018-06-30,2018-06-30,27,14,0.0
2018-07-01,2018-07-01,2018-07-01,35,17,5.88
2018-07-02,2018-07-02,2018-07-02,41,0,
2018-07-03,2018-07-03,2018-07-03,0,0,
2018-07-04,2018-07-04,2018-07-04,16,5,0.0
2018-07-05,2018-07-05,2018-07-05,0,0,
2018-07-06,2018-07-06,2018-07-06,0,0,
2018-07-07,2018-07-07,2018-07-07,26,9,0.0
2018-07-08,2018-07-08,2018-07-08,97,57,1.75
2018-07-09,2018-07-09,2018-07-09,0,0,
2018-07-10,2018-07-10,2018-07-10,65,39,2.56
2018-07-11,2018-07-11,2018-07-11,0,0,
2018-07-12,2018-07-12,2018-07-12,0,0,
2018-07-13,2018-07-13,2018-07-13,12,0,
2018-07-14,2018-07-14,2018-07-14,29,18,0.0
2018-07-15,2018-07-15,2018-07-15,33,10,0.0
2018-07-16,2018-07-16,2018-07-16,32,0,
2018-07-17,2018-07-17,2018-07-17,22,0,
2018-07-18,2018-07-18,2018-07-18,70,42,2.38
2018-07-19,2018-07-19,2018-07-19,0,0,
2018-07-20,2018-07-20,2018-07-20,45,13,0.0
2018-07-21,2018-07-21,2018-07-21,60,0,
2018-07-22,2018-07-22,2018-07-22,40,25,4.0
2018-07-23,2018-07-23,2018-07-23,22,13,0.0
2018-07-24,2018-07-24,2018-07-24,57,15,0.0
2018-07-25,2018-07-25,2018-07-25,0,0,
2018-07-26,2018-07-26,2018-07-26,0,0,
2018-07-27,2018-07-27,2018-07-27,63,0,
2018-07-28,2018-07-28,2018-07-28,98,59,1.69
2018-07-29,2018-07-29,2018-07-29,14,0,
2018-07-30,2018-07-30,2018-07-30,98,27,3.7
2018-07-31,2018-07-31,2018-07-31,0,0,
2018-08-01,2018-08-01,2018-08-01,28,14,0.0
2018-08-02,2018-08-02,2018-08-02,74,38,0.0
2018-08-03,2018-08-03,2018-08-03,33,18,0.0
2018-08-04,2018-08-04,2018-08-04,61,37,0.0
2018-08-05,2018-08-05,2018-08-05,65,0,
2018-08-06,2018-08-06,2018-08-06,159,65,1.54
2018-08-07,2018-08-07,2018-08-07,35,10,0.0
2018-08-08,2018-08-08,2018-08-08,20,13,7.69
2018-08-09,2018-08-09,2018-08-09,0,0,
2018-08-10,2018-08-10,2018-08-10,76,44,2.27
2018-08-11,2018-08-11,2018-08-11,97,0,
2018-08-12,2018-08-12,2018-08-12,88,0,
2018-08-13,2018-08-13,2018-08-13,34,13,7.69
2018-08-14,2018-08-14,2018-08-14,20,12,0.0
2018-08-15,2018-08-15,2018-08-15,33,20,0.0
2018-08-16,2018-08-16,2018-08-16,59,24,0.0
2018-08-17,2018-08-17,2018-08-17,52,19,0.0
2018-08-18,2018-08-18,2018-08-18,49,19,0.0
2018-08-19,2018-08-19,2018-08-19,23,0,
2018-08-20,2018-08-20,2018-08-20,0,0,
2018-08-21,2018-08-21,2018-08-21,42,13,7.69
2018-08-22,2018-08-22,2018-08-22,37,11,0.0
2018-08-23,2018-08-23,2018-08-23,15,4,0.0
2018-08-24,2018-08-24,2018-08-24,58,0,
2018-08-25,2018-08-25,2018-08-25,27,16,0.0
2018-08-26,2018-08-26,2018-08-26,75,0,
2018-08-27,2018-08-27,2018-08-27,15,5,0.0
2018-08-28,2018-08-28,2018-08-28,26,0,
2018-08-29,2018-08-29,2018-08-29,45,0,
2018-08-30,2018-08-30,2018-08-30,10,6,0.0
2018-08-31,2018-08-31,2018-08-31,0,0,
2018-09-01,2018-09-01,2018-09-01,25,0,
2018-09-02,2018-09-02,2018-09-02,0,0,
2018-09-03,2018-09-03,2018-09-03,0,0,
2018-09-04,2018-09-04,2018-09-04,35,0,
2018-09-05,2018-09-05,2018-09-05,31,0,
2018-09-06,2018-09-06,2018-09-06,18,8,0.0
2018-09-07,2018-09-07,2018-09-07,60,0,
2018-09-08,2018-09-08,2018-09-08,57,0,
2018-09-09,2018-09-09,2018-09-09,70,34,2.94
2018-09-10,2018-09-10,2018-09-10,25,11,0.0
2018-09-11,2018-09-11,2018-09-11,48,15,6.67
2018-09-12,2018-09-12,2018-09-12,19,0,
2018-09-13,2018-09-13,2018-09-13,79,24,0.0
2018-09-14,2018-09-14,2018-09-14,54,28,3.57
2018-09-15,2018-09-15,2018-09-15,47,17,5.88
2018-09-16,2018-09-16,2018-09-16,66,0,
2018-09-17,2018-09-17,2018-09-17,0,0,
2018-09-18,2018-09-18,2018-09-18,73,0,
2018-09-19,2018-09-19,2018-09-19,69,22,4.55
2018-09-20,2018-09-20,2018-09-20,15,0,
2018-09-21,2018-09-21,2018-09-21,87,23,0.0
2018-09-22,2018-09-22,2018-09-22,77,25,8.0
2018-09-23,2018-09-23,2018-09-23,97,63,0.0
2018-09-24,2018-09-24,2018-09-24,33,20,0.0
2018-09-25,2018-09-25,2018-09-25,78,22,4.55
2018-09-26,2018-09-26,2018-09-26,16,8,0.0
2018-09-27,2018-09-27,2018-09-27,31,14,0.0
2018-09-28,2018-09-28,2018-09-28,65,0,
2018-09-29,2018-09-29,2018-09-29,48,24,0.0
2018-09-30,2018-09-30,2018-09-30,0,0,
2018-10-01,2018-10-01,2018-10-01,59,30,3.33
2018-10-02,2018-10-02,2018-10-02,35,15,0.0
2018-10-03,2018-10-03,2018-10-03,63,0,
2018-10-04,2018-10-04,2018-10-04,0,0,
2018-10-05,2018-10-05,2018-10-05,45,0,
2018-10-06,2018-10-06,2018-10-06,13,7,0.0
2018-10-07,2018-10-07,2018-10-07,28,0,
2018-10-08,2018-10-08,2018-10-08,18,7,0.0
2018-10-09,2018-10-09,2018-10-09,73,20,0.0
2018-10-10,2018-10-10,2018-10-10,75,44,2.27
2018-10-11,2018-10-11,2018-10-11,0,0,
2018-10-12,2018-10-12,2018-10-12,34,11,0.0
2018-10-13,2018-10-13,2018-10-13,80,32,0.0
2018-10-14,2018-10-14,2018-10-14,33,0,
2018-10-15,2018-10-15,2018-10-15,44,0,
2018-10-16,2018-10-16,2018-10-16,34,19,0.0
2018-10-17,2018-10-17,2018-10-17,16,0,
2018-10-18,2018-10-18,2018-10-18,89,55,3.64
2018-10-19,2018-10-19,2018-10-19,83,30,3.33
2018-10-20,2018-10-20,2018-10-20,28,0,
2018-10-21,2018-10-21,2018-10-21,32,14,0.0
2018-10-22,2018-10-22,2018-10-22,0,0,
2018-05-18,2018-06-27,2018-06-27,64,2,0.0
2021-10-01,2023-09-10,2023-09-10,20460,0,
2021-10-01,2023-08-13,2023-08-13,19860,11048,4.3
2021-10-01,2023-07-09,2023-07-09,19395,8308,5.57
2021-10-01,2023-05-14,2023-05-14,16859,5164,7.24
2021-10-01,2023-04-16,2023-04-16,15394,6497,4.8
2021-10-01,2023-03-12,2023-03-12,15309,0,
2021-10-01,2023-06-12,2023-06-12,19087,0,
2024-01-01,2024-11-24,2024-11-24,0,0,
2024-10-28,2024-11-24,2024-11-24,26,0,
2024-01-01,2024-10-27,2024-10-27,24,0,
2024-01-01,2024-09-29,2024-09-29,34,10,0.0
2024-01-01,2024-08-25,2024-08-25,59,30,6.67
2014-01-01,2014-04-30,2014-04-30,115,39,2.56
2011-01-01,2011-08-15,2011-08-15,10582,5562,6.81
2018-05-18,2018-11-09,2018-11-09,863,295,7.8
1/4/2010,1/10/2010,2010-01-10,1049,256,1.171875
1/11/2010,1/17/2010,2010-01-17,538,148,0.0
1/18/2010,1/24/2010,2010-01-24,322,103,0.0
1/25/2010,1/31/2010,2010-01-31,346,94,1.0638297872340423
2/1/2010,2/7/2010,2010-02-07,633,160,1.875
2/8/2010,2/14/2010,2010-02-14,478,209,0.9569377990430622
2/15/2010,2/21/2010,2010-02-21,648,152,0.6578947368421052
2/22/2010,2/28/2010,2010-02-28,462,117,1.7094017094017095
3/1/2010,3/7/2010,2010-03-07,622,207,0.4830917874396135
3/8/2010,3/14/2010,2010-03-14,621,195,1.0256410256410255
3/15/2010,3/21/2010,2010-03-21,1284,384,2.604166666666667
3/22/2010,3/28/2010,2010-03-28,334,126,2.380952380952381
3/29/2010,4/4/2010,2010-04-04,496,94,2.127659574468085
4/5/2010,4/11/2010,2010-04-11,1395,377,1.326259946949602
4/12/2010,4/18/2010,2010-04-18,1295,420,1.4285714285714286
4/19/2010,4/25/2010,2010-04-25,1303,200,2.0
4/26/2010,5/2/2010,2010-05-02,1714,309,1.6181229773462782
5/3/2010,5/9/2010,2010-05-09,1119,430,1.8604651162790695
5/10/2010,5/16/2010,2010-05-16,1281,412,0.9708737864077668
5/17/2010,5/23/2010,2010-05-23,1642,386,2.33160621761658
5/24/2010,5/30/2010,2010-05-30,1498,477,2.3060796645702304
5/31/2010,6/6/2010,2010-06-06,1547,609,2.134646962233169
6/7/2010,6/13/2010,2010-06-13,960,358,2.5139664804469275
6/14/2010,6/20/2010,2010-06-20,1347,489,2.2494887525562373
6/21/2010,6/27/2010,2010-06-27,1957,665,1.8045112781954888
6/28/2010,7/4/2010,2010-07-04,1121,527,2.2770398481973437
7/5/2010,7/11/2010,2010-07-11,1555,535,2.6168224299065423
7/12/2010,7/18/2010,2010-07-18,2501,961,2.081165452653486
7/19/2010,7/25/2010,2010-07-25,3429,944,2.6483050847457625
7/26/2010,8/1/2010,2010-08-01,1719,488,1.8442622950819672
8/2/2010,8/8/2010,2010-08-08,3200,878,3.416856492027335
8/9/2010,8/15/2010,2010-08-15,2645,750,2.4
8/16/2010,8/22/2010,2010-08-22,2914,999,3.603603603603604
8/23/2010,8/29/2010,2010-08-29,2180,690,4.057971014492753
8/30/2010,9/5/2010,2010-09-05,2932,921,3.1487513572204127
9/6/2010,9/12/2010,2010-09-12,2561,898,3.5634743875278394
9/13/2010,9/19/2010,2010-09-19,2472,884,2.262443438914027
9/20/2010,9/26/2010,2010-09-26,3007,1151,2.172024326672459
5/6/2010,10/3/2010,2010-10-03,7633,2164,3.512014787430684
9/27/2010,10/3/2010,2010-10-03,1900,522,1.9157088122605364
10/4/2010,10/10/2010,2010-10-10,2588,663,2.564102564102564
10/11/2010,10/17/2010,2010-10-17,2271,882,3.061224489795918
10/18/2010,10/24/2010,2010-10-24,2949,894,1.7897091722595078
4/1/2010,10/25/2010,2010-10-25,362,147,6.802721088435375
10/25/2010,10/31/2010,2010-10-31,3251,1214,1.9769357495881383
11/1/2010,11/7/2010,2010-11-07,1792,618,2.750809061488673
11/8/2010,11/14/2010,2010-11-14,1653,502,1.7928286852589643
11/15/2010,11/21/2010,2010-11-21,1469,607,1.6474464579901154
11/22/2010,11/28/2010,2010-11-28,736,319,2.507836990595611
11/29/2010,12/5/2010,2010-12-05,854,263,2.281368821292776
12/6/2010,12/12/2010,2010-12-12,766,233,1.7167381974248928
12/13/2010,12/19/2010,2010-12-19,365,99,1.0101010101010102
12/20/2010,12/26/2010,2010-12-26,543,122,1.639344262295082
5/6/2010,12/31/2010,2010-12-31,995,125,6.4
12/27/2010,1/2/2011,2011-01-02,425,76,0.0
1/3/2011,1/9/2011,2011-01-09,509,153,1.96078431372549
1/10/2011,1/16/2011,2011-01-16,743,187,2.13903743315508
1/17/2011,1/23/2011,2011-01-23,745,228,0.8771929824561403
1/24/2011,1/30/2011,2011-01-30,503,170,2.3529411764705883
1/31/2011,2/6/2011,2011-02-06,1217,391,1.5345268542199488
2/7/2011,2/13/2011,2011-02-13,587,203,1.477832512315271
2/14/2011,2/20/2011,2011-02-20,1227,319,1.5673981191222568
2/21/2011,2/27/2011,2011-02-27,1524,488,2.0491803278688523
2/28/2011,3/6/2011,2011-03-06,1406,504,2.1825396825396823
3/7/2011,3/13/2011,2011-03-13,1376,421,1.4251781472684086
3/14/2011,3/20/2011,2011-03-20,1335,482,2.904564315352697
3/21/2011,3/27/2011,2011-03-27,1678,546,1.831501831501832
3/28/2011,4/3/2011,2011-04-03,1765,579,1.0362694300518136
4/4/2011,4/10/2011,2011-04-10,2390,789,1.7743979721166032
4/11/2011,4/17/2011,2011-04-17,1705,563,1.953818827708704
4/18/2011,4/24/2011,2011-04-24,2301,751,1.9973368841544608
4/25/2011,5/1/2011,2011-05-01,2261,788,2.1573604060913705
5/2/2011,5/8/2011,2011-05-08,2166,703,2.1337126600284493
5/9/2011,5/15/2011,2011-05-15,2541,885,2.598870056497175
5/16/2011,5/22/2011,2011-05-22,2454,746,2.412868632707774
5/23/2011,5/29/2011,2011-05-29,3217,816,2.5735294117647056
5/30/2011,6/5/2011,2011-06-05,3343,1072,2.0522388059701493
6/6/2011,6/12/2011,2011-06-12,2898,892,1.6816143497757847
6/13/2011,6/19/2011,2011-06-19,2878,925,2.4864864864864864
6/20/2011,6/26/2011,2011-06-26,3657,1206,2.238805970149253
6/27/2011,7/3/2011,2011-07-03,3404,1176,2.0408163265306123
7/4/2011,7/10/2011,2011-07-10,3761,1247,2.3255813953488373
7/11/2011,7/17/2011,2011-07-17,4103,1205,2.489626556016597
7/18/2011,7/24/2011,2011-07-24,3883,1268,2.365930599369085
12/1/2010,7/31/2011,2011-07-31,143,94,7.446808510638298
7/25/2011,7/31/2011,2011-07-31,2923,783,2.4265644955300125
8/1/2011,8/7/2011,2011-08-07,4120,1331,2.779864763335838
6/1/2011,8/12/2011,2011-08-12,144,0,
8/8/2011,8/14/2011,2011-08-14,5237,2208,1.9021739130434785
8/15/2011,8/21/2011,2011-08-21,3747,1243,1.9308125502815767
8/22/2011,8/28/2011,2011-08-28,4309,1314,1.82648401826484
8/29/2011,9/4/2011,2011-09-04,3915,1185,2.0253164556962027
9/5/2011,9/11/2011,2011-09-11,4649,1524,1.9028871391076116
9/12/2011,9/18/2011,2011-09-18,4786,1740,2.2988505747126435
1/1/2011,9/22/2011,2011-09-22,15976,3252,7.103321033210332
9/19/2011,9/25/2011,2011-09-25,3696,1111,2.7902790279027903
9/26/2011,10/2/2011,2011-10-02,3495,971,2.368692070030896
10/3/2011,10/9/2011,2011-10-09,3140,916,3.056768558951965
10/10/2011,10/16/2011,2011-10-16,4231,1516,2.1108179419525066
10/17/2011,10/23/2011,2011-10-23,2843,1025,1.8536585365853655
10/24/2011,10/30/2011,2011-10-30,2614,1025,1.8536585365853655
10/31/2011,11/6/2011,2011-11-06,1841,643,1.3996889580093312
11/7/2011,11/13/2011,2011-11-13,1790,473,2.3255813953488373
11/14/2011,11/20/2011,2011-11-20,1204,439,1.8223234624145783
11/21/2011,11/27/2011,2011-11-27,659,204,0.4901960784313725
11/28/2011,12/4/2011,2011-12-04,487,196,1.020408163265306
9/23/2011,12/11/2011,2011-12-11,5000,1695,5.014749262536873
12/12/2011,12/18/2011,2011-12-18,599,174,2.2988505747126435
12/19/2011,12/25/2011,2011-12-25,529,100,0.0
12/26/2011,1/1/2012,2012-01-01,367,88,2.272727272727273
1/2/2012,1/8/2012,2012-01-08,292,58,1.7241379310344829
1/9/2012,1/15/2012,2012-01-15,524,174,1.7241379310344829
1/16/2012,1/22/2012,2012-01-22,881,136,1.4705882352941175
1/23/2012,1/29/2012,2012-01-29,661,212,1.4150943396226416
1/30/2012,2/5/2012,2012-02-05,814,230,1.7391304347826086
2/6/2012,2/12/2012,2012-02-12,504,118,0.847457627118644
2/13/2012,2/19/2012,2012-02-19,758,301,0.9966777408637874
2/20/2012,2/26/2012,2012-02-26,617,206,0.4854368932038834
2/27/2012,3/4/2012,2012-03-04,543,183,1.639344262295082
3/5/2012,3/11/2012,2012-03-11,549,164,1.2195121951219512
3/12/2012,3/18/2012,2012-03-18,1030,239,0.8368200836820083
3/19/2012,3/25/2012,2012-03-25,280,42,0.0
3/26/2012,4/1/2012,2012-04-01,910,280,1.7857142857142856
4/2/2012,4/8/2012,2012-04-08,910,374,1.3368983957219251
4/9/2012,4/15/2012,2012-04-15,800,281,1.0676156583629894
4/16/2012,4/22/2012,2012-04-22,963,295,1.0169491525423728
4/23/2012,4/29/2012,2012-04-29,709,255,1.1764705882352942
4/30/2012,5/6/2012,2012-05-06,1660,488,1.639344262295082
5/7/2012,5/13/2012,2012-05-13,1569,494,1.8218623481781373
5/14/2012,5/20/2012,2012-05-20,937,372,1.881720430107527
5/21/2012,5/27/2012,2012-05-27,1151,345,1.7391304347826086
5/28/2012,6/3/2012,2012-06-03,2262,722,1.662049861495845
6/4/2012,6/10/2012,2012-06-10,1026,361,0.8310249307479225
8/1/2011,6/11/2012,2012-06-11,0,0,
6/11/2012,6/17/2012,2012-06-17,1524,682,2.346041055718475
6/18/2012,6/24/2012,2012-06-24,1754,593,2.1922428330522767
6/25/2012,7/1/2012,2012-07-01,1731,705,2.695035460992908
7/2/2012,7/8/2012,2012-07-08,2127,555,1.0810810810810811
7/9/2012,7/15/2012,2012-07-15,1189,434,1.8433179723502304
7/16/2012,7/22/2012,2012-07-22,1206,309,1.9417475728155336
7/23/2012,7/29/2012,2012-07-29,1079,328,1.2195121951219512
7/30/2012,8/5/2012,2012-08-05,2344,984,1.829268292682927
8/6/2012,8/12/2012,2012-08-12,1251,437,1.8306636155606408
8/13/2012,8/19/2012,2012-08-19,1383,442,3.3936651583710407
8/20/2012,8/26/2012,2012-08-26,1734,399,2.0050125313283207
8/27/2012,9/2/2012,2012-09-02,2149,836,1.674641148325359
9/3/2012,9/9/2012,2012-09-09,2101,685,2.335766423357664
9/10/2012,9/16/2012,2012-09-16,1542,537,1.48975791433892
9/17/2012,9/23/2012,2012-09-23,1344,519,1.9267822736030824
9/24/2012,9/30/2012,2012-09-30,1682,709,2.1156558533145278
10/1/2012,10/7/2012,2012-10-07,1626,554,1.985559566787004
10/8/2012,10/14/2012,2012-10-14,1762,599,1.001669449081803
10/15/2012,10/21/2012,2012-10-21,1664,593,1.5177065767284992
10/22/2012,10/28/2012,2012-10-28,1961,720,1.6666666666666667
10/29/2012,11/4/2012,2012-11-04,1769,736,1.358695652173913
11/5/2012,11/11/2012,2012-11-11,977,397,2.0151133501259446
11/12/2012,11/18/2012,2012-11-18,568,114,0.8771929824561403
11/19/2012,11/25/2012,2012-11-25,691,274,0.7299270072992701
11/26/2012,12/2/2012,2012-12-02,641,227,1.762114537444934
12/3/2012,12/9/2012,2012-12-09,606,176,0.5681818181818182
12/10/2012,12/16/2012,2012-12-16,397,112,0.0
12/17/2012,12/23/2012,2012-12-23,429,132,0.7575757575757576
12/24/2012,12/30/2012,2012-12-30,408,109,0.9174311926605504
12/31/2012,1/6/2013,2013-01-06,415,154,0.0
1/7/2013,1/13/2013,2013-01-13,266,121,1.6528925619834711
1/14/2013,1/20/2013,2013-01-20,355,140,1.4285714285714286
1/21/2013,1/27/2013,2013-01-27,575,160,1.25
1/28/2013,2/3/2013,2013-02-03,511,169,0.591715976331361
2/4/2013,2/10/2013,2013-02-10,737,230,1.7391304347826086
2/11/2013,2/17/2013,2013-02-17,199,52,5.769230769230769
2/18/2013,2/24/2013,2013-02-24,411,109,0.9174311926605504
2/25/2013,3/3/2013,2013-03-03,812,202,0.495049504950495
3/4/2013,3/10/2013,2013-03-10,876,164,1.829268292682927
3/11/2013,3/17/2013,2013-03-17,1128,306,1.30718954248366
3/18/2013,3/24/2013,2013-03-24,663,267,1.49812734082397
3/25/2013,3/31/2013,2013-03-31,915,358,2.23463687150838
4/1/2013,4/7/2013,2013-04-07,1009,281,0.7117437722419928
4/8/2013,4/14/2013,2013-04-14,1779,498,1.4056224899598393
4/15/2013,4/21/2013,2013-04-21,1089,277,1.083032490974729
4/22/2013,4/28/2013,2013-04-28,925,319,1.8808777429467085
4/29/2013,5/5/2013,2013-05-05,837,297,1.3468013468013469
5/6/2013,5/12/2013,2013-05-12,1525,368,1.9021739130434785
5/13/2013,5/19/2013,2013-05-19,2229,674,1.6320474777448073
5/20/2013,5/26/2013,2013-05-26,1295,398,2.010050251256281
5/27/2013,6/2/2013,2013-06-02,1430,573,1.5706806282722512
6/3/2013,6/9/2013,2013-06-09,1099,363,2.203856749311295
6/10/2013,6/16/2013,2013-06-16,1190,389,1.7994858611825193
6/17/2013,6/23/2013,2013-06-23,1925,854,1.9906323185011712
6/24/2013,6/30/2013,2013-06-30,1539,694,2.881844380403458
7/1/2013,7/7/2013,2013-07-07,1463,434,1.3824884792626728
7/8/2013,7/14/2013,2013-07-14,2424,715,1.5384615384615383
7/15/2013,7/21/2013,2013-07-21,1296,342,1.461988304093567
7/22/2013,7/28/2013,2013-07-28,1609,623,2.086677367576244
7/29/2013,8/4/2013,2013-08-04,1502,599,1.8363939899833053
8/5/2013,8/11/2013,2013-08-11,1100,190,2.1052631578947367
8/12/2013,8/18/2013,2013-08-18,1222,567,1.4109347442680775
8/19/2013,8/25/2013,2013-08-25,1379,522,1.1494252873563218
8/26/2013,9/1/2013,2013-09-01,2478,682,2.346041055718475
9/2/2013,9/8/2013,2013-09-08,592,112,0.8928571428571428
9/9/2013,9/15/2013,2013-09-15,1571,431,1.160092807424594
9/16/2013,9/22/2013,2013-09-22,1377,561,1.7825311942959003
9/23/2013,9/29/2013,2013-09-29,3024,1211,2.064409578860446
9/30/2013,10/6/2013,2013-10-06,1246,391,2.301790281329924
10/7/2013,10/13/2013,2013-10-13,1114,212,2.358490566037736
10/14/2013,10/20/2013,2013-10-20,2112,847,1.6528925619834711
10/21/2013,10/27/2013,2013-10-27,1711,537,1.86219739292365
10/28/2013,11/3/2013,2013-11-03,565,165,1.2121212121212122
11/4/2013,11/10/2013,2013-11-10,570,199,1.507537688442211
11/11/2013,11/17/2013,2013-11-17,2301,764,2.225130890052356
11/18/2013,11/24/2013,2013-11-24,1175,334,1.497005988023952
11/25/2013,12/1/2013,2013-12-01,742,195,1.5384615384615383
12/2/2013,12/8/2013,2013-12-08,789,276,1.0869565217391304
12/9/2013,12/15/2013,2013-12-15,558,174,1.1494252873563218
12/16/2013,12/22/2013,2013-12-22,507,190,1.0526315789473684
12/23/2013,12/29/2013,2013-12-29,390,138,0.7246376811594203
12/30/2013,1/5/2014,2014-01-05,433,153,1.30718954248366
1/6/2014,1/12/2014,2014-01-12,386,140,0.0
1/13/2014,1/19/2014,2014-01-19,386,91,1.098901098901099
1/20/2014,1/26/2014,2014-01-26,562,243,1.2345679012345678
1/27/2014,2/2/2014,2014-02-02,721,161,0.6211180124223602
2/3/2014,2/9/2014,2014-02-09,704,168,1.7857142857142856
2/10/2014,2/16/2014,2014-02-16,752,254,1.574803149606299
2/17/2014,2/23/2014,2014-02-23,501,186,0.5376344086021506
2/24/2014,3/2/2014,2014-03-02,1036,392,0.5102040816326531
3/3/2014,3/9/2014,2014-03-09,683,250,1.2
3/10/2014,3/16/2014,2014-03-16,1508,644,1.2422360248447204
3/17/2014,3/23/2014,2014-03-23,929,286,1.3986013986013983
3/24/2014,3/30/2014,2014-03-30,804,221,0.904977375565611
3/31/2014,4/6/2014,2014-04-06,1031,402,1.7412935323383083
4/7/2014,4/13/2014,2014-04-13,559,164,1.2195121951219512
4/14/2014,4/20/2014,2014-04-20,1022,460,2.1739130434782608
4/21/2014,4/27/2014,2014-04-27,1043,374,1.3368983957219251
1/1/2014,4/30/2014,2014-04-30,16,9,0.0
4/28/2014,5/4/2014,2014-05-04,2473,698,1.8624641833810889
5/5/2014,5/11/2014,2014-05-11,1584,469,1.4925373134328357
5/12/2014,5/18/2014,2014-05-18,1016,336,2.380952380952381
5/19/2014,5/25/2014,2014-05-25,1383,381,1.0498687664041997
5/26/2014,6/1/2014,2014-06-01,2049,891,1.7957351290684629
6/2/2014,6/8/2014,2014-06-08,1578,551,1.996370235934664
6/9/2014,6/15/2014,2014-06-15,1591,653,1.6845329249617151
6/16/2014,6/22/2014,2014-06-22,1639,425,1.8823529411764703
6/23/2014,6/29/2014,2014-06-29,1296,298,1.342281879194631
6/30/2014,7/6/2014,2014-07-06,2744,961,2.18522372528616
7/7/2014,7/13/2014,2014-07-13,2011,441,2.494331065759637
7/14/2014,7/20/2014,2014-07-20,1691,570,1.7543859649122806
4/24/2014,7/24/2014,2014-07-24,1692,104,4.807692307692308
7/21/2014,7/27/2014,2014-07-27,1938,504,2.1825396825396823
7/28/2014,8/3/2014,2014-08-03,2604,1037,1.9286403085824493
8/4/2014,8/10/2014,2014-08-10,2687,897,2.118171683389075
7/25/2014,8/12/2014,2014-08-12,440,135,4.444444444444445
8/11/2014,8/17/2014,2014-08-17,2627,962,1.5592515592515594
8/18/2014,8/24/2014,2014-08-24,1750,598,1.6722408026755853
8/25/2014,8/31/2014,2014-08-31,3035,1085,2.1198156682027647
9/1/2014,9/7/2014,2014-09-07,1904,572,1.5734265734265735
9/8/2014,9/14/2014,2014-09-14,1926,520,2.1153846153846154
9/15/2014,9/21/2014,2014-09-21,1625,498,2.8112449799196786
9/22/2014,9/28/2014,2014-09-28,2438,884,2.262443438914027
9/29/2014,10/5/2014,2014-10-05,2576,950,1.789473684210526
10/6/2014,10/12/2014,2014-10-12,1974,680,2.3529411764705883
10/13/2014,10/19/2014,2014-10-19,2291,790,2.151898734177215
10/20/2014,10/26/2014,2014-10-26,1801,601,2.329450915141431
10/27/2014,11/2/2014,2014-11-02,1838,545,2.9357798165137616
8/21/2014,11/5/2014,2014-11-05,673,128,4.6875
11/3/2014,11/9/2014,2014-11-09,1585,498,2.409638554216868
11/10/2014,11/16/2014,2014-11-16,850,170,1.1764705882352942
11/17/2014,11/23/2014,2014-11-23,526,186,1.0752688172043012
11/24/2014,11/30/2014,2014-11-30,697,229,1.7467248908296942
12/1/2014,12/7/2014,2014-12-07,442,168,0.0
12/8/2014,12/14/2014,2014-12-14,637,211,0.9478672985781992
12/15/2014,12/21/2014,2014-12-21,423,141,0.0
12/22/2014,12/28/2014,2014-12-28,531,113,0.8849557522123894
12/29/2014,1/4/2015,2015-01-04,371,119,2.5210084033613445
1/5/2015,1/11/2015,2015-01-11,333,72,0.0
1/12/2015,1/18/2015,2015-01-18,514,122,1.639344262295082
1/19/2015,1/25/2015,2015-01-25,647,190,1.0526315789473684
1/26/2015,2/1/2015,2015-02-01,519,174,1.1494252873563218
2/2/2015,2/8/2015,2015-02-08,325,48,2.083333333333333
2/9/2015,2/15/2015,2015-02-15,562,226,1.7699115044247788
2/16/2015,2/22/2015,2015-02-22,514,121,1.6528925619834711
2/23/2015,3/1/2015,2015-03-01,743,189,1.058201058201058
3/2/2015,3/8/2015,2015-03-08,606,189,1.058201058201058
3/9/2015,3/15/2015,2015-03-15,480,173,0.5780346820809248
3/16/2015,3/22/2015,2015-03-22,676,168,0.5952380952380952
3/23/2015,3/29/2015,2015-03-29,1245,507,1.7751479289940828
3/30/2015,4/5/2015,2015-04-05,1113,395,1.2658227848101269
4/6/2015,4/12/2015,2015-04-12,1082,362,1.6574585635359116
4/13/2015,4/19/2015,2015-04-19,842,261,1.9157088122605364
4/20/2015,4/26/2015,2015-04-26,642,86,1.162790697674419
4/27/2015,5/3/2015,2015-05-03,1010,151,3.3112582781456954
5/4/2015,5/10/2015,2015-05-10,1277,318,0.9433962264150944
5/11/2015,5/17/2015,2015-05-17,786,159,0.0
5/18/2015,5/24/2015,2015-05-24,1932,734,2.588555858310627
5/25/2015,5/31/2015,2015-05-31,2163,621,2.0933977455716586
6/1/2015,6/7/2015,2015-06-07,1803,456,1.7543859649122806
6/8/2015,6/14/2015,2015-06-14,1631,489,2.4539877300613497
6/15/2015,6/21/2015,2015-06-21,1311,525,1.9047619047619049
6/22/2015,6/28/2015,2015-06-28,1738,484,2.272727272727273
6/29/2015,7/5/2015,2015-07-05,1193,246,1.6260162601626018
7/6/2015,7/12/2015,2015-07-12,1698,554,1.985559566787004
7/13/2015,7/19/2015,2015-07-19,1306,510,2.156862745098039
7/20/2015,7/26/2015,2015-07-26,1269,564,1.5957446808510638
7/27/2015,8/2/2015,2015-08-02,3527,1175,2.127659574468085
8/3/2015,8/9/2015,2015-08-09,1085,377,1.5915119363395225
8/10/2015,8/16/2015,2015-08-16,2089,696,1.5804597701149428
8/17/2015,8/23/2015,2015-08-23,1996,882,1.927437641723356
8/24/2015,8/30/2015,2015-08-30,2056,553,2.3508137432188065
8/31/2015,9/6/2015,2015-09-06,1874,473,2.1141649048625792
9/7/2015,9/13/2015,2015-09-13,1356,409,0.9779951100244498
9/14/2015,9/20/2015,2015-09-20,2046,758,1.4511873350923483
9/21/2015,9/27/2015,2015-09-27,2131,437,1.3729977116704806
9/28/2015,10/4/2015,2015-10-04,1076,371,1.3477088948787064
10/5/2015,10/11/2015,2015-10-11,2356,786,1.7811704834605595
10/12/2015,10/18/2015,2015-10-18,2382,1017,1.376597836774828
10/19/2015,10/25/2015,2015-10-25,2388,883,1.9252548131370328
10/26/2015,11/1/2015,2015-11-01,1453,451,1.5521064301552108
11/2/2015,11/8/2015,2015-11-08,1701,398,1.507537688442211
11/9/2015,11/15/2015,2015-11-15,1116,331,1.2084592145015105
11/16/2015,11/22/2015,2015-11-22,712,85,0.0
11/23/2015,11/29/2015,2015-11-29,727,111,2.702702702702702
11/30/2015,12/6/2015,2015-12-06,503,132,0.7575757575757576
12/7/2015,12/13/2015,2015-12-13,283,68,1.4705882352941175
12/14/2015,12/20/2015,2015-12-20,630,238,1.680672268907563
12/21/2015,12/27/2015,2015-12-27,171,38,0.0
1/4/2016,1/10/2016,2016-01-10,276,83,0.0
1/11/2016,1/17/2016,2016-01-17,428,117,2.564102564102564
1/18/2016,1/24/2016,2016-01-24,241,39,2.564102564102564
1/25/2016,1/31/2016,2016-01-31,274,50,0.0
2/1/2016,2/7/2016,2016-02-07,613,116,0.8620689655172413
2/8/2016,2/14/2016,2016-02-14,455,121,0.8264462809917356
2/15/2016,2/21/2016,2016-02-21,315,125,1.6
2/22/2016,2/28/2016,2016-02-28,515,105,0.0
2/29/2016,3/6/2016,2016-03-06,1016,375,1.6
3/7/2016,3/13/2016,2016-03-13,959,362,1.3812154696132597
3/14/2016,3/20/2016,2016-03-20,1277,538,2.044609665427509
3/21/2016,3/27/2016,2016-03-27,1393,459,1.5250544662309369
3/28/2016,4/3/2016,2016-04-03,786,310,0.967741935483871
4/4/2016,4/10/2016,2016-04-10,1292,252,1.1904761904761905
4/11/2016,4/17/2016,2016-04-17,1914,551,1.8148820326678767
4/18/2016,4/24/2016,2016-04-24,755,263,1.520912547528517
4/25/2016,5/1/2016,2016-05-01,1776,469,1.9189765458422177
5/2/2016,5/8/2016,2016-05-08,1698,664,2.409638554216868
5/9/2016,5/15/2016,2016-05-15,1872,280,1.4285714285714286
5/16/2016,5/22/2016,2016-05-22,2672,788,2.030456852791878
5/23/2016,5/29/2016,2016-05-29,2189,539,1.855287569573284
5/30/2016,6/5/2016,2016-06-05,1583,485,1.443298969072165
6/6/2016,6/12/2016,2016-06-12,2349,621,2.254428341384863
6/13/2016,6/19/2016,2016-06-19,1805,587,1.7035775127768311
6/20/2016,6/26/2016,2016-06-26,1809,563,1.5985790408525755
6/27/2016,7/3/2016,2016-07-03,981,266,1.5037593984962403
7/4/2016,7/10/2016,2016-07-10,1866,871,2.4110218140068884
7/11/2016,7/17/2016,2016-07-17,1832,798,2.255639097744361
7/18/2016,7/24/2016,2016-07-24,2064,609,1.477832512315271
7/25/2016,7/31/2016,2016-07-31,2255,744,2.419354838709677
8/1/2016,8/7/2016,2016-08-07,2832,1204,1.4119601328903657
8/8/2016,8/14/2016,2016-08-14,1753,372,1.6129032258064515
8/15/2016,8/21/2016,2016-08-21,2167,747,2.0080321285140563
8/22/2016,8/28/2016,2016-08-28,2438,480,1.875
8/29/2016,9/4/2016,2016-09-04,2109,935,1.818181818181818
9/5/2016,9/11/2016,2016-09-11,2513,1012,1.5810276679841897
9/12/2016,9/18/2016,2016-09-18,3156,1315,2.2053231939163496
9/19/2016,9/25/2016,2016-09-25,1953,785,1.6560509554140128
9/26/2016,10/2/2016,2016-10-02,2355,696,1.293103448275862
10/3/2016,10/9/2016,2016-10-09,1687,562,2.3131672597864767
10/10/2016,10/16/2016,2016-10-16,885,190,1.0526315789473684
10/17/2016,10/23/2016,2016-10-23,2095,519,2.119460500963391
10/24/2016,10/30/2016,2016-10-30,1025,270,1.851851851851852
10/31/2016,11/6/2016,2016-11-06,1309,323,1.547987616099071
11/7/2016,11/13/2016,2016-11-13,259,47,0.0
11/14/2016,11/20/2016,2016-11-20,1189,236,0.0
11/21/2016,11/27/2016,2016-11-27,741,185,2.1621621621621623
11/28/2016,12/4/2016,2016-12-04,275,71,0.0
12/5/2016,12/11/2016,2016-12-11,453,117,1.7094017094017095
12/12/2016,12/18/2016,2016-12-18,518,70,0.0
12/19/2016,12/25/2016,2016-12-25,519,161,1.8633540372670807
12/26/2016,1/1/2017,2017-01-01,329,72,1.3888888888888888
1/2/2017,1/8/2017,2017-01-08,335,52,1.9230769230769231
1/9/2017,1/15/2017,2017-01-15,485,88,0.0
1/16/2017,1/22/2017,2017-01-22,474,107,2.803738317757009
1/23/2017,1/29/2017,2017-01-29,360,120,2.5
1/30/2017,2/5/2017,2017-02-05,500,146,0.684931506849315
2/6/2017,2/12/2017,2017-02-12,875,155,0.0
2/13/2017,2/19/2017,2017-02-19,289,99,1.0101010101010102
2/20/2017,2/26/2017,2017-02-26,556,128,2.34375
2/27/2017,3/5/2017,2017-03-05,568,143,0.0
3/6/2017,3/12/2017,2017-03-12,685,150,1.3333333333333337
3/13/2017,3/19/2017,2017-03-19,636,173,0.0
3/20/2017,3/26/2017,2017-03-26,772,230,0.8695652173913043
3/27/2017,4/2/2017,2017-04-02,850,346,2.023121387283237
4/3/2017,4/9/2017,2017-04-09,428,84,1.1904761904761905
4/10/2017,4/16/2017,2017-04-16,1216,397,1.0075566750629723
4/17/2017,4/23/2017,2017-04-23,745,240,0.8333333333333334
4/24/2017,4/30/2017,2017-04-30,516,186,2.1505376344086025
5/1/2017,5/7/2017,2017-05-07,1325,528,2.462121212121212
5/8/2017,5/14/2017,2017-05-14,979,282,0.7092198581560284
5/15/2017,5/21/2017,2017-05-21,1564,414,1.932367149758454
5/22/2017,5/28/2017,2017-05-28,1961,717,2.092050209205021
5/29/2017,6/4/2017,2017-06-04,1794,668,1.7964071856287425
6/5/2017,6/11/2017,2017-06-11,1271,463,1.511879049676026
6/12/2017,6/18/2017,2017-06-18,2101,743,1.8842530282637957
6/19/2017,6/25/2017,2017-06-25,1189,504,1.5873015873015872
6/26/2017,7/2/2017,2017-07-02,2276,842,1.3064133016627075
7/3/2017,7/9/2017,2017-07-09,1800,717,1.6736401673640169
7/10/2017,7/16/2017,2017-07-16,1904,528,2.272727272727273
7/17/2017,7/23/2017,2017-07-23,1931,833,1.440576230492197
7/24/2017,7/30/2017,2017-07-30,2291,609,2.134646962233169
7/31/2017,8/6/2017,2017-08-06,3045,1205,1.5767634854771784
8/7/2017,8/13/2017,2017-08-13,2914,1248,1.842948717948718
8/14/2017,8/20/2017,2017-08-20,1954,857,1.0501750291715286
8/21/2017,8/27/2017,2017-08-27,1637,569,1.5817223198594026
8/28/2017,9/3/2017,2017-09-03,1809,874,1.6018306636155606
9/4/2017,9/10/2017,2017-09-10,2190,788,2.1573604060913705
9/11/2017,9/17/2017,2017-09-17,1687,691,2.0260492040520983
9/18/2017,9/24/2017,2017-09-24,2603,977,1.7400204708290683
9/25/2017,10/1/2017,2017-10-01,1278,323,1.547987616099071
10/2/2017,10/8/2017,2017-10-08,1987,697,1.721664275466284
10/9/2017,10/15/2017,2017-10-15,2725,960,1.7708333333333333
10/16/2017,10/22/2017,2017-10-22,1780,398,1.507537688442211
10/23/2017,10/29/2017,2017-10-29,868,216,1.3888888888888888
10/30/2017,11/5/2017,2017-11-05,720,159,1.8867924528301887
11/6/2017,11/12/2017,2017-11-12,671,166,1.2048192771084338
11/13/2017,11/19/2017,2017-11-19,765,290,1.3793103448275863
11/20/2017,11/26/2017,2017-11-26,519,168,1.7857142857142856
11/27/2017,12/3/2017,2017-12-03,175,69,0.0
12/4/2017,12/10/2017,2017-12-10,359,87,0.0
12/11/2017,12/17/2017,2017-12-17,254,42,0.0
12/18/2017,12/24/2017,2017-12-24,624,208,1.9230769230769231
12/25/2017,12/31/2017,2017-12-31,550,220,1.3636363636363635
1/1/2018,1/7/2018,2018-01-07,0,0,
1/8/2018,1/14/2018,2018-01-14,0,0,
1/15/2018,1/21/2018,2018-01-21,0,0,
1/22/2018,1/28/2018,2018-01-28,14,7,0.0
1/29/2018,2/4/2018,2018-02-04,0,0,
2/5/2018,2/11/2018,2018-02-11,0,0,
2/12/2018,2/18/2018,2018-02-18,45,16,0.0
2/19/2018,2/25/2018,2018-02-25,37,23,0.0
2/26/2018,3/4/2018,2018-03-04,116,24,0.0
3/5/2018,3/11/2018,2018-03-11,36,0,
3/12/2018,3/18/2018,2018-03-18,38,0,
3/19/2018,3/25/2018,2018-03-25,0,0,
3/26/2018,4/1/2018,2018-04-01,1,1,0.0
4/2/2018,4/8/2018,2018-04-08,205,88,2.272727272727273
4/9/2018,4/15/2018,2018-04-15,29,15,0.0
4/16/2018,4/22/2018,2018-04-22,1,1,0.0
4/23/2018,4/29/2018,2018-04-29,0,0,
4/30/2018,5/6/2018,2018-05-06,52,16,0.0
5/7/2018,5/13/2018,2018-05-13,127,63,3.1746031746031744
5/14/2018,5/20/2018,2018-05-20,189,39,0.0
5/18/2018,5/21/2018,2018-05-21,88,42,7.142857142857142
5/18/2018,5/24/2018,2018-05-24,116,28,0.0
5/21/2018,5/27/2018,2018-05-27,200,131,2.2900763358778624
5/28/2018,6/3/2018,2018-06-03,0,0,
6/4/2018,6/10/2018,2018-06-10,94,0,
6/11/2018,6/17/2018,2018-06-17,0,0,
6/18/2018,6/24/2018,2018-06-24,209,96,1.0416666666666663
5/18/2018,6/27/2018,2018-06-27,147,0,
6/25/2018,7/1/2018,2018-07-01,403,171,4.093567251461988
7/2/2018,7/8/2018,2018-07-08,0,0,
7/9/2018,7/15/2018,2018-07-15,121,20,0.0
7/16/2018,7/22/2018,2018-07-22,231,82,1.2195121951219512
5/18/2018,7/26/2018,2018-07-26,184,83,1.2048192771084338
7/23/2018,7/29/2018,2018-07-29,341,123,1.6260162601626018
5/18/2018,7/31/2018,2018-07-31,143,33,0.0
7/30/2018,8/5/2018,2018-08-05,221,78,1.282051282051282
7/17/2018,8/12/2018,2018-08-12,269,138,1.4492753623188406
8/6/2018,8/12/2018,2018-08-12,116,65,4.615384615384616
5/18/2018,8/13/2018,2018-08-13,76,37,2.702702702702702
5/18/2018,8/17/2018,2018-08-17,111,14,7.142857142857142
8/13/2018,8/19/2018,2018-08-19,338,147,1.3605442176870748
8/20/2018,8/26/2018,2018-08-26,1338,517,1.3539651837524178
8/27/2018,9/2/2018,2018-09-02,260,138,2.1739130434782608
5/18/2018,9/3/2018,2018-09-03,179,19,5.263157894736842
8/27/2018,9/3/2018,2018-09-03,94,53,1.8867924528301887
9/3/2018,9/9/2018,2018-09-09,251,41,2.4390243902439024
9/10/2018,9/16/2018,2018-09-16,357,0,
5/18/2018,9/17/2018,2018-09-17,267,85,1.1764705882352942
9/17/2018,9/23/2018,2018-09-23,66,0,
5/18/2018,9/24/2018,2018-09-24,317,110,7.272727272727272
8/28/2018,9/24/2018,2018-09-24,0,0,
5/18/2018,9/28/2018,2018-09-28,284,131,2.2900763358778624
8/24/2018,9/28/2018,2018-09-28,0,0,
9/24/2018,9/30/2018,2018-09-30,181,76,1.3157894736842104
10/1/2018,10/7/2018,2018-10-07,204,77,3.896103896103896
5/18/2018,10/12/2018,2018-10-12,49,4,0.0
10/8/2018,10/14/2018,2018-10-14,309,115,0.8695652173913043
10/12/2018,10/16/2018,2018-10-16,113,59,3.389830508474576
8/27/2018,10/16/2018,2018-10-16,0,0,
10/15/2018,10/21/2018,2018-10-21,141,38,0.0
10/11/2018,10/23/2018,2018-10-23,0,0,
10/19/2018,10/23/2018,2018-10-23,58,0,
5/18/2018,10/23/2018,2018-10-23,19,5,0.0
8/27/2018,10/23/2018,2018-10-23,52,20,0.0
10/22/2018,10/28/2018,2018-10-28,151,50,2.0
10/11/2018,10/29/2018,2018-10-29,0,0,
10/23/2018,10/29/2018,2018-10-29,75,11,0.0
8/27/2018,10/29/2018,2018-10-29,0,0,
10/11/2018,11/2/2018,2018-11-02,0,0,
10/31/2018,11/2/2018,2018-11-02,129,56,0.0
8/27/2018,11/2/2018,2018-11-02,0,0,
10/29/2018,11/4/2018,2018-11-04,258,70,2.857142857142857
10/11/2018,11/9/2018,2018-11-09,0,0,
11/2/2018,11/9/2018,2018-11-09,134,7,0.0
8/27/2018,11/9/2018,2018-11-09,0,0,
11/5/2018,11/11/2018,2018-11-11,121,27,3.7037037037037033
11/12/2018,11/18/2018,2018-11-18,72,8,0.0
10/11/2018,11/23/2018,2018-11-23,0,0,
11/18/2018,11/23/2018,2018-11-23,74,45,2.2222222222222223
8/27/2018,11/23/2018,2018-11-23,0,0,
11/19/2018,11/25/2018,2018-11-25,95,30,0.0
11/23/2018,11/28/2018,2018-11-28,113,57,3.508771929824561
11/26/2018,12/2/2018,2018-12-02,58,24,0.0
12/3/2018,12/9/2018,2018-12-09,39,0,
12/10/2018,12/16/2018,2018-12-16,53,31,3.225806451612903
10/11/2018,12/19/2018,2018-12-19,0,0,
8/27/2018,12/19/2018,2018-12-19,0,0,
12/17/2018,12/23/2018,2018-12-23,149,64,3.125
12/24/2018,12/30/2018,2018-12-30,50,0,
5/18/2018,12/31/2018,2018-12-31,36,14,0.0
12/31/2018,1/6/2019,2019-01-06,30,19,0.0
1/7/2019,1/13/2019,2019-01-13,0,0,
1/14/2019,1/20/2019,2019-01-20,45,13,0.0
1/21/2019,1/27/2019,2019-01-27,42,0,
1/28/2019,2/3/2019,2019-02-03,0,0,
2/4/2019,2/10/2019,2019-02-10,0,0,
2/11/2019,2/17/2019,2019-02-17,18,10,0.0
2/18/2019,2/24/2019,2019-02-24,14,5,0.0
2/25/2019,3/3/2019,2019-03-03,119,41,0.0
3/4/2019,3/10/2019,2019-03-10,22,10,0.0
3/11/2019,3/17/2019,2019-03-17,38,0,
3/18/2019,3/24/2019,2019-03-24,62,0,
3/25/2019,3/31/2019,2019-03-31,28,11,0.0
4/1/2019,4/7/2019,2019-04-07,87,16,0.0
4/8/2019,4/14/2019,2019-04-14,47,28,0.0
4/15/2019,4/21/2019,2019-04-21,58,25,0.0
4/22/2019,4/28/2019,2019-04-28,0,0,
4/29/2019,5/5/2019,2019-05-05,253,109,0.9174311926605504
5/6/2019,5/12/2019,2019-05-12,32,16,0.0
5/1/2019,5/15/2019,2019-05-15,207,0,
5/13/2019,5/19/2019,2019-05-19,146,39,0.0
5/20/2019,5/26/2019,2019-05-26,46,28,3.571428571428571
5/27/2019,6/2/2019,2019-06-02,32,9,0.0
6/3/2019,6/9/2019,2019-06-09,83,24,0.0
6/10/2019,6/16/2019,2019-06-16,83,37,2.702702702702702
6/17/2019,6/23/2019,2019-06-23,46,22,4.545454545454546
6/24/2019,6/30/2019,2019-06-30,208,72,1.3888888888888888
7/1/2019,7/7/2019,2019-07-07,103,49,6.122448979591836
7/8/2019,7/14/2019,2019-07-14,151,66,3.0303030303030303
7/15/2019,7/21/2019,2019-07-21,136,48,2.083333333333333
7/22/2019,7/28/2019,2019-07-28,112,35,2.857142857142857
7/29/2019,8/4/2019,2019-08-04,28,1,0.0
8/5/2019,8/11/2019,2019-08-11,61,32,3.125
8/12/2019,8/18/2019,2019-08-18,204,79,0.0
8/19/2019,8/25/2019,2019-08-25,144,36,0.0
8/26/2019,9/1/2019,2019-09-01,101,67,1.4925373134328357
9/2/2019,9/8/2019,2019-09-08,157,83,6.024096385542169
9/9/2019,9/15/2019,2019-09-15,163,36,2.7777777777777777
9/16/2019,9/22/2019,2019-09-22,199,102,1.96078431372549
9/23/2019,9/29/2019,2019-09-29,5,3,0.0
9/30/2019,10/6/2019,2019-10-06,192,0,
10/7/2019,10/13/2019,2019-10-13,222,101,0.99009900990099
10/14/2019,10/20/2019,2019-10-20,54,30,3.333333333333333
10/21/2019,10/27/2019,2019-10-27,221,117,4.273504273504273
10/28/2019,11/3/2019,2019-11-03,67,34,0.0
11/4/2019,11/10/2019,2019-11-10,111,46,2.1739130434782608
11/11/2019,11/17/2019,2019-11-17,40,0,
11/18/2019,11/24/2019,2019-11-24,60,0,
11/25/2019,12/1/2019,2019-12-01,77,22,4.545454545454546
12/1/2019,12/7/2019,2019-12-07,120,0,
12/2/2019,12/8/2019,2019-12-08,0,0,
12/9/2019,12/15/2019,2019-12-15,186,33,0.0
12/16/2019,12/22/2019,2019-12-22,104,14,0.0
12/23/2019,12/29/2019,2019-12-29,47,0,
12/31/2018,12/29/2019,2019-12-29,195,45,0.0
1/1/2019,12/31/2019,2019-12-31,952,245,6.530612244897959
1/4/2020,1/4/2020,2020-01-04,0,0,
1/5/2020,1/5/2020,2020-01-05,24,6,0.0
12/30/2019,1/5/2020,2020-01-05,11,0,
1/6/2020,1/6/2020,2020-01-06,0,0,
1/7/2020,1/7/2020,2020-01-07,0,0,
1/8/2020,1/8/2020,2020-01-08,0,0,
1/9/2020,1/9/2020,2020-01-09,0,0,
11/29/2019,1/9/2020,2020-01-09,0,0,
12/24/2019,1/9/2020,2020-01-09,0,0,
5/18/2018,1/9/2020,2020-01-09,439,189,7.936507936507936
1/10/2020,1/10/2020,2020-01-10,66,21,0.0
1/11/2020,1/11/2020,2020-01-11,0,0,
1/12/2020,1/12/2020,2020-01-12,0,0,
1/6/2020,1/12/2020,2020-01-12,20,4,0.0
1/13/2020,1/13/2020,2020-01-13,1,0,
1/14/2020,1/14/2020,2020-01-14,9,0,
1/15/2020,1/15/2020,2020-01-15,0,0,
1/16/2020,1/16/2020,2020-01-16,20,6,0.0
1/17/2020,1/17/2020,2020-01-17,0,0,
1/18/2020,1/18/2020,2020-01-18,0,0,
1/13/2020,1/19/2020,2020-01-19,0,0,
1/19/2020,1/19/2020,2020-01-19,0,0,
1/20/2020,1/20/2020,2020-01-20,100,51,1.96078431372549
11/25/2019,1/20/2020,2020-01-20,0,0,
12/16/2019,1/20/2020,2020-01-20,0,0,
5/18/2018,1/20/2020,2020-01-20,16,4,0.0
1/21/2020,1/21/2020,2020-01-21,0,0,
1/22/2020,1/22/2020,2020-01-22,0,0,
1/23/2020,1/23/2020,2020-01-23,8,2,0.0
1/24/2020,1/24/2020,2020-01-24,19,0,
1/25/2020,1/25/2020,2020-01-25,17,10,0.0
1/20/2020,1/26/2020,2020-01-26,23,0,
1/21/2020,1/26/2020,2020-01-26,22,8,0.0
11/25/2019,1/26/2020,2020-01-26,0,0,
12/16/2019,1/26/2020,2020-01-26,0,0,
5/18/2018,1/26/2020,2020-01-26,72,19,5.263157894736842
1/1/2020,1/28/2020,2020-01-28,400,180,6.666666666666667
1/27/2020,2/2/2020,2020-02-02,0,0,
2/3/2020,2/9/2020,2020-02-09,17,0,
2/10/2020,2/16/2020,2020-02-16,44,7,0.0
2/17/2020,2/23/2020,2020-02-23,63,4,0.0
2/24/2020,3/1/2020,2020-03-01,0,0,
3/2/2020,3/8/2020,2020-03-08,0,0,
3/9/2020,3/15/2020,2020-03-15,0,0,
3/16/2020,3/22/2020,2020-03-22,0,0,
3/23/2020,3/29/2020,2020-03-29,36,0,
3/30/2020,4/5/2020,2020-04-05,0,0,
4/6/2020,4/12/2020,2020-04-12,0,0,
4/13/2020,4/19/2020,2020-04-19,75,22,0.0
4/20/2020,4/26/2020,2020-04-26,0,0,
4/27/2020,5/3/2020,2020-05-03,80,20,5.0
5/4/2020,5/10/2020,2020-05-10,258,94,2.127659574468085
5/11/2020,5/17/2020,2020-05-17,66,34,2.941176470588235
11/11/2019,5/18/2020,2020-05-18,0,0,
5/18/2020,5/24/2020,2020-05-24,34,0,
5/25/2020,5/31/2020,2020-05-31,15,0,
6/1/2020,6/7/2020,2020-06-07,57,15,6.666666666666667
6/8/2020,6/14/2020,2020-06-14,95,21,4.761904761904762
2/10/2020,6/19/2020,2020-06-19,15,7,0.0
6/15/2020,6/21/2020,2020-06-21,75,46,2.1739130434782608
6/22/2020,6/28/2020,2020-06-28,72,28,7.142857142857142
6/29/2020,7/5/2020,2020-07-05,119,27,7.4074074074074066
7/6/2020,7/12/2020,2020-07-12,111,35,2.857142857142857
2/10/2020,7/13/2020,2020-07-13,93,0,
7/13/2020,7/19/2020,2020-07-19,188,54,1.851851851851852
2/10/2020,7/24/2020,2020-07-24,0,0,
7/20/2020,7/26/2020,2020-07-26,95,65,4.615384615384616
2/10/2020,7/28/2020,2020-07-28,48,0,
2/10/2020,7/29/2020,2020-07-29,29,0,
7/27/2020,8/2/2020,2020-08-02,113,36,2.7777777777777777
8/3/2020,8/9/2020,2020-08-09,150,64,4.6875
2/10/2020,8/10/2020,2020-08-10,139,0,
8/10/2020,8/16/2020,2020-08-16,86,32,0.0
8/17/2020,8/23/2020,2020-08-23,200,75,0.0
8/24/2020,8/30/2020,2020-08-30,99,42,0.0
8/31/2020,9/6/2020,2020-09-06,101,25,4.0
9/11/2020,9/11/2020,2020-09-11,0,0,
9/12/2020,9/12/2020,2020-09-12,0,0,
9/13/2020,9/13/2020,2020-09-13,0,0,
9/7/2020,9/13/2020,2020-09-13,129,54,1.851851851851852
9/14/2020,9/14/2020,2020-09-14,85,43,2.3255813953488373
9/15/2020,9/15/2020,2020-09-15,126,69,0.0
9/16/2020,9/16/2020,2020-09-16,33,13,0.0
9/15/2020,9/17/2020,2020-09-17,74,42,0.0
9/18/2020,9/18/2020,2020-09-18,0,0,
9/19/2020,9/19/2020,2020-09-19,0,0,
11/11/2019,9/20/2020,2020-09-20,39,26,3.8461538461538463
9/14/2020,9/20/2020,2020-09-20,224,148,1.351351351351351
9/21/2020,9/21/2020,2020-09-21,0,0,
9/22/2020,9/22/2020,2020-09-22,0,0,
9/11/2020,9/23/2020,2020-09-23,47,0,
1/1/2020,9/27/2020,2020-09-27,132,38,7.894736842105263
9/21/2020,9/27/2020,2020-09-27,140,0,
9/28/2020,10/4/2020,2020-10-04,103,60,0.0
10/5/2020,10/11/2020,2020-10-11,109,63,1.5873015873015872
10/12/2020,10/18/2020,2020-10-18,162,41,0.0
1/1/2020,10/25/2020,2020-10-25,858,20,5.0
10/26/2020,11/1/2020,2020-11-01,0,0,
2/10/2020,11/6/2020,2020-11-06,0,0,
11/2/2020,11/8/2020,2020-11-08,0,0,
11/9/2020,11/15/2020,2020-11-15,0,0,
11/16/2020,11/22/2020,2020-11-22,0,0,
11/23/2020,11/29/2020,2020-11-29,0,0,
11/30/2020,12/6/2020,2020-12-06,0,0,
5/18/2018,12/16/2020,2020-12-16,2968,969,7.946336429308566
1/1/2021,10/3/2021,2021-10-03,179,62,0.0
1/1/2021,11/2/2021,2021-11-02,105,19,5.263157894736842
1/3/2022,1/9/2022,2022-01-09,57,16,0.0
1/10/2022,1/16/2022,2022-01-16,158,67,2.985074626865672
1/17/2022,1/23/2022,2022-01-23,108,0,
1/24/2022,1/30/2022,2022-01-30,37,0,
1/31/2022,2/6/2022,2022-02-06,190,0,
2/7/2022,2/13/2022,2022-02-13,150,28,0.0
2/14/2022,2/20/2022,2022-02-20,42,12,0.0
2/21/2022,2/27/2022,2022-02-27,125,0,
1/24/2021,3/6/2022,2022-03-06,0,0,
2/28/2022,3/6/2022,2022-03-06,208,84,5.952380952380952
3/7/2022,3/13/2022,2022-03-13,187,41,2.4390243902439024
3/14/2022,3/20/2022,2022-03-20,206,126,0.7936507936507936
3/21/2022,3/27/2022,2022-03-27,1352,139,0.7194244604316548
3/28/2022,4/3/2022,2022-04-03,858,126,3.1746031746031744
4/4/2022,4/10/2022,2022-04-10,602,259,1.5444015444015444
4/11/2022,4/17/2022,2022-04-17,0,0,
4/18/2022,4/24/2022,2022-04-24,102,51,1.96078431372549
4/25/2022,5/1/2022,2022-05-01,589,73,2.73972602739726
5/2/2022,5/8/2022,2022-05-08,345,76,1.3157894736842104
5/9/2022,5/15/2022,2022-05-15,404,122,4.098360655737705
5/16/2022,5/22/2022,2022-05-22,157,64,0.0
5/23/2022,5/29/2022,2022-05-29,492,211,0.9478672985781992
5/20/2022,6/2/2022,2022-06-02,0,0,
5/30/2022,6/5/2022,2022-06-05,386,105,0.9523809523809524
6/6/2022,6/12/2022,2022-06-12,368,35,5.714285714285714
6/13/2022,6/19/2022,2022-06-19,176,28,3.571428571428571
6/20/2022,6/26/2022,2022-06-26,139,87,2.2988505747126435
10/25/2021,7/3/2022,2022-07-03,187,1,0.0
6/27/2022,7/3/2022,2022-07-03,340,140,1.4285714285714286
7/17/2022,8/3/2022,2022-08-03,0,0,
8/29/2022,9/8/2022,2022-09-08,447,213,3.286384976525822
9/16/2022,9/22/2022,2022-09-22,66,32,3.125
10/7/2022,10/13/2022,2022-10-13,293,115,5.217391304347826
10/14/2022,10/20/2022,2022-10-20,82,31,3.225806451612903
10/25/2021,10/20/2022,2022-10-20,6174,3994,1.602403605408112
10/10/2022,10/21/2022,2022-10-21,176,0,
10/28/2022,11/3/2022,2022-11-03,246,144,3.4722222222222223
11/4/2022,11/10/2022,2022-11-10,94,20,0.0
11/18/2022,11/24/2022,2022-11-24,89,37,0.0
12/2/2022,12/8/2022,2022-12-08,71,18,0.0
10/1/2021,12/31/2022,2022-12-31,13438,5069,4.340106529887552
12/30/2022,1/5/2023,2023-01-05,75,7,0.0
