region_en,TL,TR,Location,deaths,sCh,cCh,rainfall_avg,temp_avg,humidity_avg
Centre,2019-03-04,2019-03-10,27,0.0,0.0,0.0,0.8328571428571429,26.117142857142856,72.66142857142857
Centre,2019-03-11,2019-03-17,27,0.0,0.0,0.0,0.942857142857143,26.374285714285715,74.00142857142858
Centre,2019-03-18,2019-03-24,26,0.0,0.0,0.0,4.04,26.312857142857148,76.60428571428572
Centre,2019-05-13,2019-05-19,26,0.0,0.0,0.0,2.3,25.319999999999997,78.14857142857143
Centre,2019-12-30,2020-01-05,1,0.0,0.0,0.0,0.0,24.374285714285715,58.90714285714285
Centre,2020-01-01,2020-10-25,1,2.0,60.0,0.0,5.370334448160535,24.165719063545147,79.14498327759196
Centre,2020-01-06,2020-01-12,1,0.0,0.0,0.0,0.0,25.057142857142857,59.98714285714285
Centre,2020-01-13,2020-01-19,1,0.0,0.0,0.0,0.0,25.445714285714285,53.298571428571435
Centre,2020-01-20,2020-01-26,1,0.0,0.0,0.0,0.0,24.47857142857143,47.059999999999995
Centre,2020-01-27,2020-02-02,1,0.0,0.0,0.0,0.004285714285714286,25.705714285714283,45.607142857142854
Centre,2020-02-03,2020-02-09,1,0.0,0.0,0.0,0.0,27.122857142857146,56.38999999999999
Centre,2020-02-10,2020-02-16,1,0.0,1.0,0.0,0.0,26.957142857142856,43.98857142857143
Centre,2020-02-10,2020-06-19,1,0.0,1.0,0.0,5.46236641221374,25.206030534351143,77.77038167938932
Centre,2020-02-10,2020-07-13,1,0.0,5.0,0.0,5.936,24.870838709677418,79.44954838709678
Centre,2020-02-10,2020-07-24,1,1.0,16.0,0.0,6.164518072289156,24.691566265060242,80.12319277108435
Centre,2020-02-10,2020-07-28,1,0.0,1.0,0.0,6.238352941176471,24.636529411764705,80.3929411764706
Centre,2020-02-10,2020-07-29,1,1.0,2.0,0.0,6.245263157894737,24.616959064327485,80.4761403508772
Centre,2020-02-10,2020-08-10,2,0.0,33.0,0.0,5.969890710382512,24.483060109289614,80.84601092896176
Centre,2020-02-10,2020-08-30,1,0.0,1.0,0.0,6.210591133004926,24.335714285714285,81.57699507389162
Centre,2020-02-10,2020-11-06,1,0.0,1.0,0.0,6.07409594095941,23.956715867158675,83.32450184501846
Centre,2020-02-17,2020-02-23,1,0.0,3.0,0.0,0.3528571428571428,28.177142857142854,48.08857142857142
Centre,2020-02-24,2020-03-01,1,0.0,0.0,0.0,0.01714285714285714,28.372857142857146,51.535714285714285
Centre,2020-03-02,2020-03-08,1,0.0,0.0,0.0,2.182857142857143,27.16428571428571,66.35571428571428
Centre,2020-03-09,2020-03-15,1,0.0,0.0,0.0,2.7242857142857146,26.504285714285714,66.92428571428572
Centre,2020-03-16,2020-03-22,1,0.0,0.0,0.0,17.832857142857144,25.59857142857143,79.60571428571428
Centre,2020-03-23,2020-03-29,1,0.0,0.0,0.0,7.311428571428571,24.24142857142857,87.38571428571429
Centre,2020-03-30,2020-04-05,1,0.0,0.0,0.0,14.352857142857143,24.351428571428574,89.39571428571428
Centre,2020-04-06,2020-04-12,1,0.0,0.0,0.0,8.40857142857143,24.121428571428574,86.59
Centre,2020-04-13,2020-04-19,1,0.0,0.0,0.0,3.981428571428571,24.587142857142858,85.7242857142857
Centre,2020-04-20,2020-04-26,1,0.0,0.0,0.0,3.9514285714285715,24.71857142857143,84.72857142857143
Centre,2020-04-27,2020-05-03,1,0.0,0.0,0.0,6.928571428571428,24.522857142857138,87.12285714285714
Centre,2020-05-04,2020-05-10,1,0.0,0.0,0.0,6.51,24.555714285714284,84.72
Centre,2020-05-11,2020-05-17,1,0.0,0.0,0.0,6.604285714285714,24.162857142857145,87.2357142857143
Centre,2020-05-18,2020-05-24,1,3.0,7.0,0.0,2.0885714285714285,24.169999999999998,87.09714285714287
Centre,2020-05-25,2020-05-31,1,0.0,1.0,0.0,5.032857142857142,24.64142857142857,86.45714285714287
Centre,2020-06-01,2020-06-07,1,1.0,5.0,0.0,4.317142857142857,24.308571428571433,85.41428571428571
Centre,2020-06-08,2020-06-14,1,0.0,2.0,0.0,6.494285714285715,23.73,85.41571428571429
Centre,2020-06-15,2020-06-21,1,1.0,5.0,0.0,8.909999999999998,23.258571428571425,87.95714285714287
Centre,2020-06-22,2020-06-28,1,0.0,4.0,0.0,14.557142857142855,23.255714285714284,88.85857142857142
Centre,2020-06-29,2020-07-05,1,0.0,7.0,0.0,4.369999999999999,23.312857142857144,87.62
Centre,2020-07-06,2020-07-12,1,3.0,20.0,0.0,3.8871428571428566,22.717142857142854,88.53714285714285
Centre,2020-07-13,2020-07-19,1,0.0,10.0,0.0,8.535714285714286,22.138571428571428,89.85142857142857
Centre,2020-07-20,2020-07-26,1,3.0,35.0,0.0,11.052857142857144,22.33857142857143,89.93714285714285
Centre,2020-07-27,2020-08-02,1,0.0,22.0,0.0,3.152857142857143,22.390000000000004,89.61571428571429
Centre,2020-08-03,2020-08-09,1,2.0,22.0,0.0,2.242857142857143,22.487142857142857,85.55285714285715
Centre,2020-08-10,2020-08-16,1,0.0,18.0,0.0,1.8071428571428572,23.805714285714288,82.98857142857143
Centre,2020-08-17,2020-08-23,1,0.0,11.0,0.0,19.525714285714287,22.604285714285716,92.20142857142856
Centre,2020-08-24,2020-08-30,1,0.0,32.0,0.0,2.974285714285714,22.541428571428572,88.82714285714285
Centre,2020-08-31,2020-09-06,1,3.0,42.0,0.0,8.101428571428572,22.687142857142856,88.98
Centre,2020-09-07,2020-09-13,1,0.0,34.0,0.0,5.2871428571428565,22.921428571428574,87.92142857142858
Centre,2020-09-14,2020-09-20,1,0.0,34.0,0.0,9.92,22.572857142857142,90.25857142857141
Centre,2020-09-21,2020-09-27,1,0.0,27.0,0.0,6.135714285714285,22.244285714285716,89.12857142857145
Centre,2020-09-28,2020-10-04,1,0.0,2.0,0.0,7.6014285714285705,22.237142857142853,90.79999999999998
Centre,2020-10-05,2020-10-11,1,0.0,4.0,0.0,4.241428571428572,22.922857142857143,86.68571428571428
Centre,2020-10-12,2020-10-18,1,0.0,7.0,0.0,3.29,22.470000000000002,90.02285714285715
Centre,2020-10-19,2020-10-25,1,0.0,0.0,0.0,4.701428571428571,23.56142857142857,87.08857142857143
Centre,2020-10-26,2020-11-01,1,0.0,0.0,0.0,3.52,23.14428571428571,87.14857142857143
Centre,2020-11-02,2020-11-08,1,0.0,0.0,0.0,4.041428571428571,23.660000000000004,87.54857142857142
Centre,2020-11-09,2020-11-15,1,0.0,0.0,0.0,1.5414285714285714,23.705714285714286,80.62571428571428
Centre,2020-11-16,2020-11-22,1,0.0,0.0,0.0,0.08285714285714285,24.407142857142862,74.3957142857143
Centre,2020-11-23,2020-11-29,1,0.0,0.0,0.0,0.13142857142857142,24.389999999999997,75.24714285714286
Centre,2020-11-30,2020-12-06,1,0.0,0.0,0.0,0.2642857142857143,24.08857142857143,67.47571428571429
Centre,2021-01-01,2021-11-02,1,1.0,32.0,1.0,3.2586601307189547,24.324640522875818,77.75924836601308
Centre,2021-10-25,2022-07-03,1,4.0,275.0,0.0,3.149722222222222,24.98813492063492,73.88496031746033
Centre,2022-01-03,2022-07-03,1,0.0,151.0,0.0,3.227912087912088,25.179670329670333,72.74752747252748
Centre,2022-02-21,2022-02-27,1,0.0,0.0,0.0,0.005714285714285714,27.745714285714286,51.00000000000001
Centre,2022-02-28,2022-03-06,1,0.0,0.0,0.0,0.3828571428571429,27.25,65.25142857142858
Centre,2022-03-07,2022-03-13,1,0.0,0.0,0.0,23.152857142857147,24.785714285714285,85.72285714285715
Centre,2022-03-14,2022-03-20,1,0.0,17.0,0.0,0.2342857142857143,25.050000000000004,76.54857142857144
Centre,2022-03-21,2022-03-27,1,0.0,8.0,0.0,0.47428571428571425,26.358571428571427,74.36142857142856
Centre,2022-03-28,2022-04-03,1,0.0,11.0,0.0,0.7457142857142858,26.101428571428567,70.25285714285715
Centre,2022-04-04,2022-04-10,1,0.0,8.0,0.0,0.7242857142857143,26.102857142857147,73.33714285714287
Centre,2022-06-27,2022-07-03,1,0.0,21.0,0.0,6.2628571428571425,22.65285714285714,88.64428571428572
Centre,2022-08-29,2022-09-08,1,0.0,27.0,0.0,20.178181818181823,22.482727272727274,90.31636363636365
Centre,2022-09-16,2022-09-22,1,0.0,9.0,0.0,3.9199999999999995,22.694285714285716,88.13857142857141
Centre,2022-10-07,2022-10-13,1,0.0,4.0,0.0,9.787142857142857,22.442857142857143,89.40428571428573
Centre,2022-10-14,2022-10-20,1,0.0,1.0,0.0,4.472857142857142,23.051428571428573,89.4657142857143
Centre,2022-10-28,2022-11-03,1,1.0,20.0,0.0,7.274285714285715,23.311428571428568,87.16857142857144
Centre,2022-11-04,2022-11-10,1,0.0,6.0,0.0,0.85,23.98857142857143,80.24
Centre,2022-11-18,2022-11-24,1,0.0,3.0,0.0,0.03142857142857143,23.857142857142858,73.00857142857144
Centre,2022-12-02,2022-12-08,1,0.0,3.0,0.0,0.2671428571428572,24.422857142857147,75.45285714285714
Centre,2022-12-30,2023-01-05,1,0.0,1.0,0.0,0.0,23.49285714285714,64.72428571428571
East,2010-01-04,2010-01-10,14,0.0,0.0,0.0,1.4357142857142857,24.104285714285712,60.31857142857143
East,2010-01-11,2010-01-17,14,0.0,0.0,0.0,0.6857142857142858,24.345714285714287,68.22285714285714
East,2010-01-18,2010-01-24,14,0.0,0.0,0.0,0.23714285714285713,24.80857142857143,58.751428571428576
East,2010-01-25,2010-01-31,14,0.0,0.0,0.0,0.9099999999999999,25.830000000000005,66.66428571428571
East,2010-02-01,2010-02-07,14,0.0,0.0,0.0,0.7714285714285715,25.654285714285713,63.27428571428571
East,2010-02-08,2010-02-14,14,0.0,0.0,0.0,1.7742857142857142,25.807142857142853,69.74571428571429
East,2010-02-15,2010-02-21,14,0.0,0.0,0.0,1.1785714285714286,26.045714285714286,72.67999999999999
East,2010-02-22,2010-02-28,14,0.0,0.0,0.0,3.36,25.44857142857143,78.53714285714285
East,2010-03-01,2010-03-07,14,0.0,0.0,0.0,1.5042857142857142,26.830000000000002,66.88857142857144
East,2010-03-08,2010-03-14,14,0.0,0.0,0.0,7.167142857142857,25.118571428571425,83.27857142857144
East,2010-03-15,2010-03-21,14,0.0,0.0,0.0,8.037142857142857,24.367142857142856,85.1542857142857
East,2010-03-22,2010-03-28,14,0.0,0.0,0.0,5.958571428571429,23.70285714285714,87.02428571428572
East,2010-03-29,2010-04-04,14,0.0,0.0,0.0,2.6885714285714286,24.87142857142857,83.74142857142856
East,2010-04-05,2010-04-11,14,0.0,0.0,0.0,4.118571428571429,24.438571428571432,85.1542857142857
East,2010-04-12,2010-04-18,14,0.0,0.0,0.0,4.635714285714285,25.085714285714282,85.10714285714288
East,2010-04-19,2010-04-25,14,0.0,0.0,0.0,5.114285714285715,25.005714285714284,84.86285714285714
East,2010-04-26,2010-05-02,14,0.0,0.0,0.0,9.129999999999999,24.244285714285716,88.77285714285715
East,2010-05-03,2010-05-09,14,0.0,0.0,0.0,4.871428571428572,23.815714285714286,89.55857142857143
East,2010-05-06,2010-12-31,1,0.0,0.0,0.0,5.480916666666667,22.973374999999997,86.53154166666667
East,2010-05-10,2010-05-16,14,0.0,0.0,0.0,5.841428571428572,24.29714285714286,88.31285714285714
East,2010-05-17,2010-05-23,14,0.0,0.0,0.0,4.7057142857142855,24.352857142857143,87.56857142857142
East,2010-05-24,2010-05-30,14,0.0,0.0,0.0,3.817142857142857,24.764285714285712,84.45857142857143
East,2010-05-31,2010-06-06,14,0.0,0.0,0.0,6.0128571428571425,23.217142857142857,89.02285714285715
East,2010-06-07,2010-06-13,14,0.0,0.0,0.0,2.14,24.117142857142856,83.30999999999999
East,2010-06-14,2010-06-20,14,0.0,0.0,0.0,6.088571428571429,23.79285714285714,84.68285714285715
East,2010-06-21,2010-06-27,14,0.0,0.0,0.0,8.707142857142857,23.28142857142857,89.67428571428572
East,2010-06-28,2010-07-04,14,0.0,0.0,0.0,7.324285714285714,22.987142857142857,88.46714285714286
East,2010-07-05,2010-07-11,14,0.0,0.0,0.0,7.1899999999999995,23.041428571428575,87.82000000000001
East,2010-07-12,2010-07-18,14,0.0,0.0,0.0,4.191428571428571,22.584285714285716,89.08428571428571
East,2010-07-19,2010-07-25,14,0.0,0.0,0.0,9.794285714285715,21.731428571428573,90.65285714285713
East,2010-07-26,2010-08-01,14,0.0,0.0,0.0,2.4657142857142857,22.961428571428574,87.64999999999999
East,2010-08-02,2010-08-08,14,0.0,0.0,0.0,5.538571428571428,23.532857142857146,86.90285714285714
East,2010-08-09,2010-08-15,14,0.0,0.0,0.0,10.819999999999999,22.02857142857143,89.35
East,2010-08-16,2010-08-22,14,0.0,0.0,0.0,11.814285714285715,22.50714285714286,89.28142857142858
East,2010-08-23,2010-08-29,14,0.0,0.0,0.0,3.925714285714286,22.612857142857145,89.91714285714286
East,2010-08-30,2010-09-05,14,0.0,0.0,0.0,3.5585714285714287,22.688571428571425,89.56142857142858
East,2010-09-06,2010-09-12,14,0.0,0.0,0.0,5.768571428571429,22.114285714285717,89.90571428571431
East,2010-09-13,2010-09-19,14,0.0,0.0,0.0,5.961428571428572,22.464285714285715,88.52714285714286
East,2010-09-20,2010-09-26,14,0.0,0.0,0.0,8.185714285714287,22.18142857142857,90.3
East,2010-09-27,2010-10-03,14,0.0,0.0,0.0,7.654285714285713,23.294285714285714,88.56000000000002
East,2010-10-04,2010-10-10,14,0.0,0.0,0.0,4.994285714285715,22.93142857142857,88.17142857142856
East,2010-10-11,2010-10-17,14,0.0,0.0,0.0,9.022857142857143,22.795714285714286,88.84142857142857
East,2010-10-18,2010-10-24,14,0.0,0.0,0.0,9.607142857142858,22.38857142857143,90.40142857142857
East,2010-10-25,2010-10-31,14,0.0,0.0,0.0,8.551428571428572,22.898571428571426,88.03999999999999
East,2010-11-01,2010-11-07,14,0.0,0.0,0.0,5.775714285714286,22.825714285714287,88.46285714285715
East,2010-11-08,2010-11-14,14,0.0,0.0,0.0,5.0371428571428565,23.178571428571427,87.31000000000002
East,2010-11-15,2010-11-21,14,0.0,0.0,0.0,2.432857142857143,22.977142857142855,86.75714285714285
East,2010-11-22,2010-11-28,14,0.0,0.0,0.0,3.3200000000000003,22.942857142857147,86.53285714285714
East,2010-11-29,2010-12-05,14,0.0,0.0,0.0,3.1957142857142857,23.272857142857138,81.89285714285714
East,2010-12-06,2010-12-12,14,0.0,0.0,0.0,0.4857142857142857,21.92285714285714,74.20142857142856
East,2010-12-13,2010-12-19,14,0.0,0.0,0.0,0.0,22.624285714285715,75.91571428571429
East,2010-12-20,2010-12-26,14,0.0,0.0,0.0,1.542857142857143,22.897142857142853,74.17714285714285
East,2010-12-27,2011-01-02,14,0.0,0.0,0.0,0.05714285714285715,22.202857142857145,72.40142857142857
East,2011-01-01,2011-09-22,2,0.0,2.0,0.0,3.5809433962264148,23.71890566037736,81.34192452830189
East,2011-01-03,2011-01-09,14,0.0,0.0,0.0,0.9042857142857141,22.970000000000002,71.99714285714286
East,2011-01-10,2011-01-16,14,0.0,0.0,0.0,0.2571428571428572,21.98,65.39428571428572
East,2011-01-17,2011-01-23,14,0.0,0.0,0.0,0.0,22.367142857142856,63.26571428571429
East,2011-01-24,2011-01-30,14,0.0,0.0,0.0,0.33428571428571424,24.887142857142855,63.56714285714286
East,2011-01-31,2011-02-06,14,0.0,0.0,0.0,0.8671428571428572,24.759999999999998,75.22714285714285
East,2011-02-07,2011-02-13,14,0.0,0.0,0.0,2.9985714285714287,24.015714285714285,78.90714285714286
East,2011-02-14,2011-02-20,14,0.0,0.0,0.0,1.1414285714285715,24.710000000000004,76.1557142857143
East,2011-02-21,2011-02-27,14,0.0,0.0,0.0,3.281428571428571,24.062857142857144,78.95857142857143
East,2011-02-28,2011-03-06,14,0.0,0.0,0.0,1.372857142857143,24.687142857142856,78.25571428571428
East,2011-03-07,2011-03-13,14,0.0,0.0,0.0,3.1157142857142857,24.93857142857143,79.85285714285715
East,2011-03-14,2011-03-20,14,0.0,0.0,0.0,1.2985714285714285,25.13,74.81428571428572
East,2011-03-21,2011-03-27,14,0.0,0.0,0.0,3.0742857142857143,24.83285714285714,78.59
East,2011-03-28,2011-04-03,14,0.0,0.0,0.0,2.41,24.948571428571427,80.08142857142857
East,2011-04-04,2011-04-10,14,0.0,0.0,0.0,3.6014285714285714,24.46857142857143,80.85571428571428
East,2011-04-11,2011-04-17,14,0.0,0.0,0.0,5.0,24.305714285714288,84.22857142857143
East,2011-04-18,2011-04-24,14,0.0,0.0,0.0,2.768571428571429,24.45714285714286,84.8457142857143
East,2011-04-25,2011-05-01,14,0.0,0.0,0.0,1.6957142857142855,24.501428571428573,82.75428571428571
East,2011-05-02,2011-05-08,14,0.0,0.0,0.0,1.9314285714285713,25.23428571428571,79.95
East,2011-05-09,2011-05-15,14,0.0,0.0,0.0,6.471428571428571,24.284285714285716,85.63
East,2011-05-16,2011-05-22,14,0.0,0.0,0.0,4.6571428571428575,24.767142857142858,84.6
East,2011-05-23,2011-05-29,14,0.0,0.0,0.0,4.557142857142858,23.592857142857145,86.18285714285716
East,2011-05-30,2011-06-05,14,0.0,0.0,0.0,5.761428571428572,24.208571428571425,86.78428571428572
East,2011-06-06,2011-06-12,14,0.0,0.0,0.0,1.24,23.512857142857143,84.09857142857142
East,2011-06-13,2011-06-19,14,0.0,0.0,0.0,6.041428571428571,24.305714285714284,81.82857142857142
East,2011-06-20,2011-06-26,14,0.0,0.0,0.0,2.9457142857142857,23.172857142857143,85.16571428571429
East,2011-06-27,2011-07-03,14,0.0,0.0,0.0,2.6314285714285717,23.382857142857144,84.30428571428571
East,2011-07-04,2011-07-10,14,0.0,0.0,0.0,4.352857142857144,23.782857142857143,83.58
East,2011-07-11,2011-07-17,14,0.0,0.0,0.0,2.7514285714285713,22.905714285714282,82.55571428571429
East,2011-07-18,2011-07-24,14,0.0,0.0,0.0,3.4185714285714286,23.19142857142857,82.77857142857142
East,2011-07-25,2011-07-31,14,0.0,0.0,0.0,1.4857142857142858,22.919999999999998,82.33428571428571
East,2011-08-01,2011-08-07,14,0.0,0.0,0.0,7.725714285714287,22.722857142857144,88.17142857142858
East,2011-08-08,2011-08-14,14,0.0,0.0,0.0,4.637142857142857,22.017142857142858,89.20285714285714
East,2011-08-15,2011-08-21,14,0.0,1.0,0.0,3.757142857142857,22.637142857142855,85.46285714285715
East,2011-08-22,2011-08-28,14,0.0,0.0,0.0,8.81,22.91571428571429,87.20428571428572
East,2011-08-29,2011-09-04,14,0.0,0.0,0.0,8.125714285714286,22.462857142857143,90.11571428571428
East,2011-09-05,2011-09-11,14,0.0,0.0,0.0,4.612857142857143,22.382857142857144,89.91999999999999
East,2011-09-12,2011-09-18,14,0.0,0.0,0.0,11.985714285714286,22.027142857142856,91.76285714285713
East,2011-09-19,2011-09-25,14,0.0,0.0,0.0,6.525714285714286,22.844285714285714,87.55142857142856
East,2011-09-23,2011-12-11,1,4.0,42.0,0.0,4.321000000000001,22.594125,83.397125
East,2011-09-26,2011-10-02,14,0.0,0.0,0.0,7.664285714285714,22.52,88.99000000000001
East,2011-10-03,2011-10-09,15,5.0,33.0,0.0,4.892857142857143,23.095714285714287,87.54
East,2011-10-08,2011-10-09,1,1.0,8.0,0.0,4.985,23.009999999999998,88.08
East,2011-10-10,2011-10-16,15,0.0,5.0,0.0,9.908571428571426,22.919999999999998,89.9742857142857
East,2011-10-17,2011-10-23,15,0.0,0.0,0.0,6.527142857142858,22.775714285714283,88.32714285714285
East,2011-10-24,2011-10-30,15,1.0,2.0,0.0,5.841428571428572,22.427142857142858,87.52428571428572
East,2011-10-31,2011-11-06,15,0.0,0.0,0.0,3.931428571428572,22.565714285714286,89.05571428571427
East,2011-11-07,2011-11-13,15,0.0,0.0,0.0,5.265714285714286,22.82571428571429,87.29714285714286
East,2011-11-14,2011-11-20,15,0.0,11.0,0.0,2.0685714285714285,22.92428571428572,85.46999999999998
East,2011-11-21,2011-11-27,15,0.0,0.0,0.0,0.23857142857142857,22.638571428571428,77.15857142857143
East,2011-11-28,2011-12-04,15,0.0,0.0,0.0,0.04,21.32428571428571,68.42428571428572
East,2011-12-05,2011-12-11,15,0.0,0.0,0.0,0.017142857142857144,22.28142857142857,65.92428571428572
East,2011-12-12,2011-12-18,15,0.0,3.0,0.0,0.012857142857142857,23.461428571428574,64.8
East,2011-12-19,2011-12-25,15,0.0,0.0,0.0,0.024285714285714282,24.54714285714286,63.137142857142855
East,2011-12-26,2012-01-01,15,0.0,1.0,0.0,0.022857142857142857,24.6,62.537142857142854
East,2012-01-02,2012-01-08,15,0.0,0.0,0.0,0.0,24.291428571428565,56.854285714285716
East,2012-01-09,2012-01-15,15,0.0,0.0,0.0,0.12571428571428572,24.744285714285716,53.22714285714285
East,2012-01-16,2012-01-22,15,0.0,0.0,0.0,0.48857142857142855,25.275714285714283,55.212857142857146
East,2012-01-23,2012-01-29,14,0.0,0.0,0.0,0.1,26.165714285714284,51.82142857142857
East,2012-01-30,2012-02-05,14,0.0,0.0,0.0,0.028571428571428574,26.667142857142856,59.91428571428572
East,2012-02-06,2012-02-12,14,0.0,0.0,0.0,1.8528571428571428,25.83857142857143,67.57571428571428
East,2012-02-13,2012-02-19,14,0.0,0.0,0.0,3.0185714285714282,24.928571428571427,75.53142857142858
East,2012-02-20,2012-02-26,14,0.0,0.0,0.0,3.371428571428571,24.43285714285714,77.55571428571429
East,2012-02-27,2012-03-04,14,0.0,0.0,0.0,2.5557142857142856,23.774285714285714,80.78999999999999
East,2012-03-05,2012-03-11,14,0.0,0.0,0.0,1.2814285714285716,24.865714285714283,74.13571428571429
East,2012-03-12,2012-03-18,14,0.0,0.0,0.0,0.9085714285714286,25.76428571428571,73.15714285714284
East,2012-03-19,2012-03-25,14,0.0,0.0,0.0,0.6085714285714287,26.295714285714286,70.4057142857143
East,2012-03-26,2012-04-01,14,0.0,0.0,0.0,1.9828571428571429,25.88285714285714,73.8157142857143
East,2012-04-02,2012-04-08,14,0.0,0.0,0.0,3.345714285714286,25.754285714285714,76.69857142857143
East,2012-04-09,2012-04-15,14,0.0,0.0,0.0,4.932857142857143,24.580000000000002,83.66714285714286
East,2012-04-16,2012-04-22,14,0.0,0.0,0.0,5.781428571428571,23.678571428571427,87.05142857142856
East,2012-04-23,2012-04-29,14,0.0,0.0,0.0,2.84,24.707142857142856,81.29285714285713
East,2012-04-30,2012-05-06,14,0.0,0.0,0.0,9.065714285714284,24.215714285714284,86.14142857142858
East,2012-05-07,2012-05-13,14,0.0,0.0,0.0,7.46,23.187142857142852,87.85285714285715
East,2012-05-14,2012-05-20,14,0.0,0.0,0.0,3.828571428571429,23.564285714285713,86.80999999999999
East,2012-05-21,2012-05-27,14,0.0,0.0,0.0,1.9285714285714286,23.805714285714288,83.97142857142856
East,2012-05-28,2012-06-03,14,0.0,0.0,0.0,4.682857142857142,23.91,81.62285714285713
East,2012-06-04,2012-06-10,14,0.0,0.0,0.0,3.7714285714285714,24.018571428571427,81.91
East,2012-06-11,2012-06-17,14,0.0,0.0,0.0,5.572857142857144,23.781428571428574,83.7157142857143
East,2012-06-18,2012-06-24,14,0.0,0.0,0.0,6.090000000000001,22.970000000000002,86.8042857142857
East,2012-06-25,2012-07-01,14,0.0,1.0,0.0,6.161428571428571,22.384285714285713,88.02714285714285
East,2012-07-02,2012-07-08,14,0.0,0.0,0.0,6.1000000000000005,22.148571428571426,87.83714285714287
East,2012-07-09,2012-07-15,14,0.0,0.0,0.0,4.082857142857143,22.594285714285714,88.10714285714286
East,2012-07-16,2012-07-22,14,0.0,0.0,0.0,2.1385714285714283,22.592857142857145,87.35142857142857
East,2012-07-23,2012-07-29,14,0.0,0.0,0.0,0.2942857142857143,23.201428571428572,79.22714285714285
East,2012-07-30,2012-08-05,14,0.0,0.0,0.0,2.0185714285714282,23.131428571428575,83.81142857142856
East,2012-08-06,2012-08-12,14,0.0,0.0,0.0,3.8700000000000006,22.825714285714287,84.15714285714286
East,2012-08-13,2012-08-19,14,0.0,0.0,0.0,7.118571428571428,22.37,87.88714285714286
East,2012-08-20,2012-08-26,14,0.0,0.0,0.0,9.055714285714286,21.962857142857143,89.28142857142858
East,2012-08-27,2012-09-02,14,0.0,0.0,0.0,5.147142857142858,22.65142857142857,86.72142857142856
East,2012-09-03,2012-09-09,14,0.0,1.0,0.0,9.641428571428571,21.88428571428571,90.51142857142858
East,2012-09-10,2012-09-16,14,0.0,0.0,0.0,10.03,22.155714285714286,89.27428571428571
East,2012-09-17,2012-09-23,14,0.0,0.0,0.0,8.13142857142857,22.36428571428571,89.70714285714287
East,2012-09-24,2012-09-30,14,0.0,0.0,0.0,7.191428571428571,22.615714285714287,88.8157142857143
East,2012-10-01,2012-10-07,14,0.0,0.0,0.0,12.055714285714286,22.537142857142857,88.59857142857142
East,2012-10-08,2012-10-14,14,0.0,0.0,0.0,6.731428571428571,22.914285714285715,87.82714285714285
East,2012-10-15,2012-10-21,14,0.0,0.0,0.0,6.511428571428572,23.005714285714284,88.98857142857143
East,2012-10-22,2012-10-28,14,0.0,0.0,0.0,4.117142857142857,22.852857142857143,88.14428571428572
East,2012-10-29,2012-11-04,14,0.0,0.0,0.0,5.141428571428571,22.965714285714284,86.76142857142858
East,2012-11-05,2012-11-11,14,0.0,0.0,0.0,9.721428571428572,22.382857142857144,89.60285714285713
East,2012-11-12,2012-11-18,14,0.0,0.0,0.0,1.0085714285714287,23.62142857142857,86.55999999999999
East,2012-11-19,2012-11-25,14,0.0,0.0,0.0,5.744285714285715,23.15285714285714,87.27857142857144
East,2012-11-26,2012-12-02,14,0.0,0.0,0.0,1.0614285714285714,23.157142857142855,82.86
East,2012-12-03,2012-12-09,14,0.0,0.0,0.0,1.5628571428571427,23.42571428571429,83.37714285714286
East,2012-12-10,2012-12-16,14,0.0,0.0,0.0,0.8714285714285713,23.58571428571429,76.94285714285715
East,2012-12-17,2012-12-23,14,0.0,0.0,0.0,0.19285714285714287,23.217142857142854,72.98142857142858
East,2012-12-24,2012-12-30,14,0.0,0.0,0.0,0.0,22.76142857142857,66.88
East,2012-12-31,2013-01-06,14,0.0,0.0,0.0,0.18857142857142858,23.30285714285714,64.48285714285714
East,2013-01-07,2013-01-13,14,0.0,0.0,0.0,0.25999999999999995,24.08571428571429,62.82428571428572
East,2013-01-14,2013-01-20,14,0.0,0.0,0.0,1.2871428571428571,25.404285714285717,69.95285714285716
East,2013-01-21,2013-01-27,14,0.0,0.0,0.0,1.2871428571428571,25.687142857142856,76.38714285714286
East,2013-01-28,2013-02-03,14,0.0,0.0,0.0,0.947142857142857,23.78,67.36714285714285
East,2013-02-04,2013-02-10,14,0.0,0.0,0.0,0.29285714285714287,26.140000000000004,66.49
East,2013-02-11,2013-02-17,14,0.0,0.0,0.0,1.6414285714285715,25.63857142857143,72.30714285714285
East,2013-02-18,2013-02-24,14,0.0,0.0,0.0,1.6214285714285717,25.944285714285712,72.39285714285714
East,2013-02-25,2013-03-03,14,0.0,0.0,0.0,2.5928571428571425,26.201428571428576,73.79571428571428
East,2013-03-04,2013-03-10,14,0.0,0.0,0.0,3.8428571428571425,25.541428571428575,78.90428571428572
East,2013-03-11,2013-03-17,14,0.0,0.0,0.0,5.424285714285714,24.41,83.12285714285714
East,2013-03-18,2013-03-24,14,0.0,0.0,0.0,3.18,24.58285714285714,82.0842857142857
East,2013-03-25,2013-03-31,14,0.0,0.0,0.0,2.312857142857143,24.37,82.49857142857142
East,2013-04-01,2013-04-07,14,0.0,0.0,0.0,2.7357142857142853,24.922857142857143,79.48142857142855
East,2013-04-08,2013-04-14,14,0.0,0.0,0.0,5.804285714285713,24.722857142857144,82.32000000000001
East,2013-04-15,2013-04-21,14,0.0,0.0,0.0,3.14,24.06714285714286,84.05714285714285
East,2013-04-22,2013-04-28,14,0.0,0.0,0.0,4.612857142857144,24.297142857142855,82.21142857142857
East,2013-04-29,2013-05-05,14,0.0,0.0,0.0,3.165714285714286,24.484285714285715,82.82857142857142
East,2013-05-06,2013-05-12,14,0.0,0.0,0.0,5.05,24.075714285714287,84.86571428571429
East,2013-05-13,2013-05-19,14,0.0,0.0,0.0,4.122857142857143,24.194285714285716,83.40142857142857
East,2013-05-20,2013-05-26,14,0.0,0.0,0.0,4.5600000000000005,23.948571428571427,83.63428571428571
East,2013-05-27,2013-06-02,14,0.0,0.0,0.0,4.985714285714286,23.922857142857143,84.28142857142858
East,2013-06-03,2013-06-09,14,0.0,0.0,0.0,4.757142857142857,23.20714285714286,83.72142857142856
East,2013-06-10,2013-06-16,14,0.0,0.0,0.0,2.41,24.055714285714288,82.03571428571429
East,2013-06-17,2013-06-23,14,0.0,0.0,0.0,2.232857142857143,24.014285714285712,83.31714285714285
East,2013-06-24,2013-06-30,14,0.0,0.0,0.0,4.4,22.978571428571424,84.63000000000001
East,2013-07-01,2013-07-07,14,0.0,0.0,0.0,9.492857142857144,22.33285714285714,89.35
East,2013-07-08,2013-07-14,14,0.0,0.0,0.0,5.388571428571429,22.119999999999997,87.29285714285716
East,2013-07-15,2013-07-21,14,0.0,0.0,0.0,1.69,23.25,84.05285714285712
East,2013-07-22,2013-07-28,14,0.0,0.0,0.0,1.76,22.96,85.20000000000002
East,2013-07-29,2013-08-04,14,0.0,0.0,0.0,3.7228571428571433,22.20285714285714,86.79142857142858
East,2013-08-05,2013-08-11,14,0.0,0.0,0.0,2.1928571428571426,22.81,85.65571428571427
East,2013-08-12,2013-08-18,14,0.0,0.0,0.0,1.2442857142857144,23.092857142857138,83.06714285714285
East,2013-08-19,2013-08-25,14,0.0,0.0,0.0,6.874285714285714,22.240000000000002,88.09285714285714
East,2013-08-26,2013-09-01,14,0.0,0.0,0.0,7.941428571428572,22.335714285714285,88.00142857142858
East,2013-09-02,2013-09-08,14,0.0,0.0,0.0,7.421428571428573,22.33571428571429,87.36428571428573
East,2013-09-09,2013-09-15,14,0.0,0.0,0.0,6.081428571428572,22.380000000000003,88.21857142857142
East,2013-09-16,2013-09-22,14,0.0,0.0,0.0,6.552857142857143,23.412857142857142,86.20714285714284
East,2013-09-23,2013-09-29,14,0.0,0.0,0.0,15.768571428571429,22.498571428571427,91.05999999999999
East,2013-09-30,2013-10-06,14,0.0,0.0,0.0,8.120000000000001,22.912857142857142,88.49
East,2013-10-07,2013-10-13,14,0.0,0.0,0.0,9.222857142857142,22.60857142857143,88.88714285714286
East,2013-10-14,2013-10-20,14,0.0,0.0,0.0,5.861428571428571,23.004285714285714,87.69142857142857
East,2013-10-21,2013-10-27,14,0.0,0.0,0.0,10.610000000000001,22.485714285714288,87.72142857142858
East,2013-10-28,2013-11-03,14,0.0,0.0,0.0,2.2871428571428574,22.78142857142857,85.62285714285714
East,2013-11-04,2013-11-10,14,0.0,0.0,0.0,3.1657142857142864,22.65714285714285,86.72857142857143
East,2013-11-11,2013-11-17,14,0.0,0.0,0.0,7.448571428571428,22.724285714285713,89.30571428571429
East,2013-11-18,2013-11-24,14,0.0,0.0,0.0,4.4157142857142855,22.840000000000003,88.44714285714285
East,2013-11-25,2013-12-01,14,0.0,0.0,0.0,2.935714285714286,23.124285714285715,87.17857142857143
East,2013-12-02,2013-12-08,14,0.0,0.0,0.0,4.852857142857142,22.891428571428573,87.19857142857143
East,2013-12-09,2013-12-15,14,0.0,0.0,0.0,1.1428571428571428,22.080000000000002,80.90285714285714
East,2013-12-16,2013-12-22,14,0.0,0.0,0.0,0.0,21.155714285714282,74.75571428571429
East,2013-12-23,2013-12-29,14,0.0,0.0,0.0,0.054285714285714284,24.172857142857143,74.67428571428572
East,2013-12-30,2014-01-05,14,0.0,0.0,0.0,0.0071428571428571435,22.732857142857146,65.96285714285715
East,2014-01-06,2014-01-12,14,0.0,0.0,0.0,0.0,23.24142857142857,64.03428571428572
East,2014-01-13,2014-01-19,14,0.0,0.0,0.0,0.0,24.647142857142857,62.17285714285715
East,2014-01-20,2014-01-26,14,0.0,0.0,0.0,0.0,25.222857142857144,65.73
East,2014-01-27,2014-02-02,14,0.0,0.0,0.0,2.532857142857143,25.03142857142857,73.02428571428571
East,2014-02-03,2014-02-09,14,0.0,0.0,0.0,0.054285714285714284,25.397142857142857,66.39857142857143
East,2014-02-10,2014-02-16,14,0.0,0.0,0.0,0.07428571428571429,25.77285714285714,58.325714285714284
East,2014-02-17,2014-02-23,14,0.0,0.0,0.0,0.005714285714285714,26.580000000000002,55.50142857142857
East,2014-02-24,2014-03-02,14,0.0,0.0,0.0,2.9428571428571426,25.492857142857144,74.69857142857144
East,2014-03-03,2014-03-09,14,0.0,0.0,0.0,2.974285714285714,24.731428571428573,75.72285714285714
East,2014-03-10,2014-03-16,14,0.0,0.0,0.0,1.5742857142857143,24.66,73.12571428571428
East,2014-03-17,2014-03-23,14,0.0,0.0,0.0,3.5014285714285722,24.885714285714283,79.13714285714286
East,2014-03-24,2014-03-30,14,0.0,0.0,0.0,2.59,25.00428571428571,79.71428571428571
East,2014-03-31,2014-04-06,14,0.0,0.0,0.0,4.02,24.461428571428574,83.13285714285715
East,2014-04-07,2014-04-13,14,0.0,0.0,0.0,1.6314285714285715,24.694285714285716,79.13857142857144
East,2014-04-14,2014-04-20,14,0.0,0.0,0.0,7.475714285714285,24.274285714285714,83.90857142857143
East,2014-04-21,2014-04-27,14,0.0,0.0,0.0,5.187142857142858,23.91714285714286,87.77857142857142
East,2014-04-28,2014-05-04,14,0.0,0.0,0.0,4.445714285714286,23.609999999999996,88.18142857142857
East,2014-05-05,2014-05-11,14,0.0,0.0,0.0,6.551428571428572,23.472857142857144,90.6842857142857
East,2014-05-12,2014-05-18,14,0.0,0.0,0.0,5.11142857142857,23.557142857142853,89.19428571428571
East,2014-05-19,2014-05-25,14,0.0,0.0,0.0,3.674285714285715,23.928571428571427,86.80714285714285
East,2014-05-26,2014-06-01,14,0.0,0.0,0.0,9.484285714285715,23.711428571428574,86.75285714285714
East,2014-06-02,2014-06-08,14,0.0,0.0,0.0,5.532857142857142,23.697142857142858,88.39857142857143
East,2014-06-09,2014-06-15,14,0.0,0.0,0.0,5.112857142857143,23.71142857142857,87.16142857142856
East,2014-06-16,2014-06-22,14,0.0,0.0,0.0,3.884285714285714,23.861428571428572,85.11714285714287
East,2014-06-23,2014-06-29,14,0.0,0.0,0.0,4.909999999999998,22.997142857142855,87.11857142857141
East,2014-06-30,2014-07-06,14,0.0,0.0,0.0,2.825714285714285,23.16857142857143,86.50428571428571
East,2014-07-07,2014-07-13,14,0.0,0.0,0.0,1.8771428571428572,23.592857142857145,80.34285714285714
East,2014-07-14,2014-07-20,14,0.0,0.0,0.0,1.7142857142857142,23.591428571428573,81.55428571428573
East,2014-07-21,2014-07-27,14,0.0,0.0,0.0,2.96,23.358571428571427,81.49857142857142
East,2014-07-28,2014-08-03,14,0.0,0.0,0.0,3.3642857142857148,23.224285714285713,84.55285714285715
East,2014-08-04,2014-08-10,14,0.0,0.0,0.0,3.2757142857142854,22.915714285714284,84.24571428571427
East,2014-08-11,2014-08-17,14,0.0,0.0,0.0,6.071428571428571,22.637142857142855,85.73428571428572
East,2014-08-18,2014-08-24,14,0.0,0.0,0.0,9.09,21.740000000000002,90.43857142857142
East,2014-08-25,2014-08-31,14,0.0,0.0,0.0,3.611428571428571,22.87142857142857,87.4157142857143
East,2014-09-01,2014-09-07,14,0.0,0.0,0.0,5.084285714285714,21.88571428571429,89.33
East,2014-09-08,2014-09-14,14,0.0,0.0,0.0,8.51,22.57857142857143,88.8742857142857
East,2014-09-15,2014-09-21,14,0.0,0.0,0.0,8.415714285714285,22.327142857142857,88.9157142857143
East,2014-09-22,2014-09-28,14,0.0,0.0,0.0,12.988571428571431,22.415714285714284,88.98142857142857
East,2014-09-29,2014-10-05,14,0.0,0.0,0.0,8.304285714285713,22.482857142857142,89.00714285714285
East,2014-10-06,2014-10-12,14,0.0,0.0,0.0,7.694285714285714,23.045714285714286,88.97714285714288
East,2014-10-13,2014-10-19,14,0.0,0.0,0.0,4.827142857142857,22.705714285714286,90.38857142857144
East,2014-10-20,2014-10-26,14,0.0,0.0,0.0,6.088571428571428,22.81142857142857,89.04285714285713
East,2014-10-27,2014-11-02,14,0.0,1.0,0.0,10.191428571428572,22.618571428571432,90.60428571428572
East,2014-11-03,2014-11-09,14,0.0,11.0,0.0,6.055714285714286,23.155714285714282,88.75142857142858
East,2014-11-10,2014-11-16,14,0.0,0.0,0.0,4.27,23.452857142857145,86.19571428571429
East,2014-11-17,2014-11-23,14,0.0,0.0,0.0,1.487142857142857,23.330000000000002,84.95
East,2014-11-24,2014-11-30,14,0.0,0.0,0.0,1.7285714285714289,23.185714285714283,83.96285714285715
East,2014-12-01,2014-12-07,14,0.0,0.0,0.0,0.8085714285714286,23.435714285714287,78.77
East,2014-12-08,2014-12-14,14,0.0,0.0,0.0,2.005714285714286,23.672857142857143,80.03142857142858
East,2014-12-15,2014-12-21,14,0.0,0.0,0.0,0.0,23.17714285714286,71.21285714285715
East,2014-12-22,2014-12-28,14,0.0,0.0,0.0,0.0014285714285714286,22.802857142857142,65.05285714285714
East,2014-12-29,2015-01-04,14,0.0,0.0,0.0,0.18285714285714286,23.017142857142858,64.44428571428571
East,2015-01-05,2015-01-11,14,0.0,0.0,0.0,0.0014285714285714286,20.755714285714284,56.96142857142858
East,2015-01-12,2015-01-18,14,0.0,0.0,0.0,0.005714285714285714,21.932857142857138,53.76
East,2015-01-19,2015-01-25,14,0.0,0.0,0.0,0.017142857142857144,24.92285714285714,56.611428571428576
East,2015-01-26,2015-02-01,14,0.0,0.0,0.0,0.0,25.494285714285713,66.06428571428572
East,2015-02-02,2015-02-08,14,0.0,0.0,0.0,0.09999999999999999,26.312857142857144,65.54428571428572
East,2015-02-09,2015-02-15,14,0.0,0.0,0.0,0.7914285714285715,25.51,69.60857142857142
East,2015-02-16,2015-02-22,14,0.0,0.0,0.0,1.7828571428571427,26.074285714285715,71.17
East,2015-02-23,2015-03-01,14,0.0,0.0,0.0,1.1585714285714288,25.457142857142856,70.33714285714287
East,2015-03-02,2015-03-08,14,0.0,0.0,0.0,0.8828571428571428,26.27142857142857,66.88857142857144
East,2015-03-09,2015-03-15,14,0.0,0.0,0.0,2.667142857142857,25.722857142857144,74.03857142857144
East,2015-03-16,2015-03-22,14,0.0,0.0,0.0,1.8657142857142859,25.965714285714288,74.17285714285715
East,2015-03-23,2015-03-29,14,0.0,0.0,0.0,0.852857142857143,26.16857142857143,73.35142857142857
East,2015-03-30,2015-04-05,14,0.0,0.0,0.0,2.2971428571428567,25.131428571428568,73.78142857142858
East,2015-04-06,2015-04-12,14,0.0,0.0,0.0,6.15142857142857,24.608571428571427,82.58571428571429
East,2015-04-13,2015-04-19,14,0.0,0.0,0.0,6.201428571428572,23.99,85.43142857142857
East,2015-04-20,2015-04-26,14,0.0,0.0,0.0,6.491428571428571,24.014285714285712,86.24714285714286
East,2015-04-27,2015-05-03,14,0.0,0.0,0.0,4.6657142857142855,23.874285714285712,86.76571428571431
East,2015-05-04,2015-05-10,14,0.0,0.0,0.0,4.234285714285714,23.535714285714285,88.52
East,2015-05-11,2015-05-17,14,0.0,0.0,0.0,6.215714285714286,23.91714285714286,88.98571428571428
East,2015-05-18,2015-05-24,14,0.0,0.0,0.0,4.321428571428571,24.518571428571427,84.96571428571428
East,2015-05-25,2015-05-31,14,0.0,0.0,0.0,7.801428571428572,23.627142857142854,88.92428571428572
East,2015-06-01,2015-06-07,14,0.0,0.0,0.0,4.630000000000001,23.401428571428568,86.65571428571431
East,2015-06-08,2015-06-14,14,0.0,0.0,0.0,3.698571428571429,23.502857142857142,84.82142857142857
East,2015-06-15,2015-06-21,14,0.0,0.0,0.0,4.0442857142857145,23.305714285714284,87.53999999999999
East,2015-06-22,2015-06-28,14,0.0,0.0,0.0,1.7671428571428573,23.354285714285712,83.89857142857143
East,2015-06-29,2015-07-05,14,0.0,0.0,0.0,2.825714285714286,23.29714285714286,87.29571428571428
East,2015-07-06,2015-07-12,14,0.0,0.0,0.0,4.298571428571428,24.15142857142857,83.43285714285715
East,2015-07-13,2015-07-19,14,0.0,0.0,0.0,4.047142857142857,24.240000000000002,83.4742857142857
East,2015-07-20,2015-07-26,14,0.0,0.0,0.0,2.825714285714286,23.46285714285714,84.05
East,2015-07-27,2015-08-02,14,0.0,0.0,0.0,5.297142857142857,23.247142857142858,84.60142857142857
East,2015-08-03,2015-08-09,14,0.0,0.0,0.0,5.168571428571428,23.091428571428573,86.38714285714286
East,2015-08-10,2015-08-16,14,0.0,0.0,0.0,5.751428571428571,23.514285714285712,86.20714285714284
East,2015-08-17,2015-08-23,14,0.0,0.0,0.0,2.9142857142857146,23.35857142857143,85.03714285714287
East,2015-08-24,2015-08-30,14,0.0,0.0,0.0,10.671428571428569,22.892857142857142,88.14428571428572
East,2015-08-31,2015-09-06,14,0.0,0.0,0.0,9.547142857142857,22.95714285714286,89.57714285714287
East,2015-09-07,2015-09-13,14,0.0,0.0,0.0,6.255714285714285,22.794285714285714,89.03571428571429
East,2015-09-14,2015-09-20,14,0.0,0.0,0.0,9.251428571428571,22.70142857142857,90.02428571428572
East,2015-09-21,2015-09-27,14,0.0,0.0,0.0,4.298571428571428,22.87142857142857,86.73142857142857
East,2015-09-28,2015-10-04,14,0.0,0.0,0.0,4.901428571428572,23.335714285714285,87.94142857142856
East,2015-10-05,2015-10-11,14,0.0,0.0,0.0,3.3157142857142854,23.15857142857143,86.17857142857143
East,2015-10-12,2015-10-18,14,0.0,0.0,0.0,4.545714285714285,23.852857142857143,85.67
East,2015-10-19,2015-10-25,14,0.0,0.0,0.0,8.225714285714284,22.804285714285715,91.05428571428571
East,2015-10-26,2015-11-01,14,0.0,0.0,0.0,8.964285714285714,22.727142857142862,91.56142857142855
East,2015-11-02,2015-11-08,14,0.0,0.0,0.0,7.8342857142857145,22.73428571428571,89.63
East,2015-11-09,2015-11-15,14,0.0,0.0,0.0,3.2771428571428567,23.314285714285717,84.97285714285714
East,2015-11-16,2015-11-22,14,0.0,0.0,0.0,0.852857142857143,23.307142857142857,80.83571428571427
East,2015-11-23,2015-11-29,14,0.0,0.0,0.0,1.1099999999999999,23.648571428571426,76.4542857142857
East,2015-11-30,2015-12-06,14,0.0,0.0,0.0,0.10571428571428572,23.687142857142852,71.02714285714286
East,2015-12-07,2015-12-13,14,0.0,0.0,0.0,0.4785714285714286,23.09,65.7042857142857
East,2015-12-14,2015-12-20,14,0.0,0.0,0.0,0.1657142857142857,22.557142857142853,60.41571428571429
East,2015-12-21,2015-12-27,14,0.0,0.0,0.0,0.11999999999999998,23.617142857142856,55.34285714285715
East,2016-01-04,2016-01-10,14,0.0,0.0,0.0,0.12,26.448571428571427,51.82142857142857
East,2016-01-11,2016-01-17,14,0.0,0.0,0.0,0.10857142857142857,26.37857142857143,47.77285714285715
East,2016-01-18,2016-01-24,14,0.0,0.0,0.0,0.0,26.214285714285715,44.90571428571428
East,2016-01-25,2016-01-31,14,0.0,0.0,0.0,0.0,24.98857142857143,40.39857142857142
East,2016-02-01,2016-02-07,14,0.0,0.0,0.0,0.0642857142857143,26.494285714285713,41.4
East,2016-02-08,2016-02-14,14,0.0,0.0,0.0,0.014285714285714287,26.375714285714285,41.24285714285714
East,2016-02-15,2016-02-21,14,0.0,0.0,0.0,0.2885714285714286,27.884285714285717,47.45571428571428
East,2016-02-22,2016-02-28,14,0.0,0.0,0.0,0.02,28.647142857142853,48.944285714285705
East,2016-02-29,2016-03-06,14,0.0,0.0,0.0,2.642857142857143,27.372857142857136,67.10714285714285
East,2016-03-07,2016-03-13,14,0.0,0.0,0.0,2.664285714285714,26.401428571428575,75.50285714285714
East,2016-03-14,2016-03-20,14,0.0,0.0,0.0,4.594285714285713,25.87571428571428,78.99714285714286
East,2016-03-21,2016-03-27,14,0.0,0.0,0.0,5.371428571428571,25.928571428571427,82.04428571428572
East,2016-03-28,2016-04-03,14,0.0,0.0,0.0,4.905714285714287,25.32428571428572,85.17
East,2016-04-04,2016-04-10,14,0.0,0.0,0.0,10.811428571428573,24.142857142857142,88.0257142857143
East,2016-04-11,2016-04-17,14,0.0,0.0,0.0,10.327142857142858,24.420000000000005,88.46714285714286
East,2016-04-18,2016-04-24,14,0.0,0.0,0.0,4.691428571428572,24.755714285714284,86.42428571428572
East,2016-04-25,2016-05-01,14,0.0,0.0,0.0,4.775714285714285,24.56142857142857,87.61857142857143
East,2016-05-02,2016-05-08,14,0.0,0.0,0.0,4.6571428571428575,23.897142857142857,89.37857142857142
East,2016-05-09,2016-05-15,14,0.0,0.0,0.0,6.198571428571428,24.18857142857143,88.54142857142857
East,2016-05-16,2016-05-22,14,0.0,0.0,0.0,5.435714285714285,24.052857142857142,88.01142857142857
East,2016-05-23,2016-05-29,14,0.0,0.0,0.0,8.781428571428572,23.490000000000002,88.60428571428572
East,2016-05-30,2016-06-05,14,0.0,0.0,0.0,6.087142857142858,23.46,88.40428571428572
East,2016-06-06,2016-06-12,14,0.0,0.0,0.0,7.734285714285714,24.187142857142856,87.24142857142856
East,2016-06-13,2016-06-19,14,0.0,0.0,0.0,4.031428571428572,22.494285714285716,89.22857142857143
East,2016-06-20,2016-06-26,14,0.0,0.0,0.0,8.741428571428571,22.587142857142858,88.53
East,2016-06-27,2016-07-03,14,0.0,0.0,0.0,2.077142857142857,23.331428571428575,85.90857142857145
East,2016-07-04,2016-07-10,14,0.0,0.0,0.0,1.9242857142857142,23.720000000000002,84.78857142857143
East,2016-07-11,2016-07-17,14,0.0,0.0,0.0,2.5214285714285714,22.601428571428574,85.2
East,2016-07-18,2016-07-24,14,0.0,0.0,0.0,3.6442857142857146,23.232857142857142,85.75285714285714
East,2016-07-25,2016-07-31,14,0.0,1.0,0.0,3.818571428571429,22.704285714285714,87.37571428571428
East,2016-08-01,2016-08-07,14,0.0,0.0,0.0,4.354285714285714,23.16142857142857,86.98571428571428
East,2016-08-08,2016-08-14,14,0.0,0.0,0.0,5.161428571428572,22.685714285714287,88.77142857142857
East,2016-08-15,2016-08-21,14,0.0,0.0,0.0,4.914285714285714,23.101428571428574,87.72857142857143
East,2016-08-22,2016-08-28,14,0.0,1.0,0.0,8.474285714285715,22.495714285714286,88.87285714285713
East,2016-08-29,2016-09-04,14,0.0,0.0,0.0,10.381428571428572,22.669999999999998,90.12571428571427
East,2016-09-05,2016-09-11,14,0.0,0.0,0.0,5.384285714285714,23.071428571428573,89.34428571428573
East,2016-09-12,2016-09-18,14,0.0,0.0,0.0,9.504285714285714,22.064285714285713,90.63428571428571
East,2016-09-19,2016-09-25,14,0.0,0.0,0.0,7.104285714285714,22.414285714285715,90.91571428571429
East,2016-09-26,2016-10-02,14,0.0,0.0,0.0,9.267142857142858,22.919999999999998,90.63857142857144
East,2016-10-03,2016-10-09,14,0.0,0.0,0.0,5.697142857142858,23.080000000000002,89.51714285714284
East,2016-10-10,2016-10-16,14,0.0,0.0,0.0,8.265714285714285,23.529999999999998,86.4742857142857
East,2016-10-17,2016-10-23,14,0.0,0.0,0.0,5.274285714285715,23.185714285714283,87.46000000000001
East,2016-10-24,2016-10-30,14,0.0,0.0,0.0,8.008571428571429,22.997142857142855,90.4057142857143
East,2016-10-31,2016-11-06,14,0.0,0.0,0.0,5.404285714285714,23.131428571428568,89.49571428571429
East,2016-11-07,2016-11-13,14,0.0,0.0,0.0,2.684285714285714,23.351428571428574,86.00142857142858
East,2016-11-14,2016-11-20,14,0.0,0.0,0.0,3.2642857142857147,23.138571428571428,88.34142857142858
East,2016-11-21,2016-11-27,14,0.0,0.0,0.0,3.6385714285714283,23.81,86.30714285714285
East,2016-11-28,2016-12-04,14,0.0,0.0,0.0,4.668571428571428,23.82857142857143,86.57428571428571
East,2016-12-05,2016-12-11,14,0.0,0.0,0.0,0.07571428571428573,23.552857142857142,82.54714285714284
East,2016-12-12,2016-12-18,14,0.0,0.0,0.0,0.24285714285714285,23.73857142857143,78.25857142857141
East,2016-12-19,2016-12-25,14,0.0,0.0,0.0,0.054285714285714284,23.75,74.33714285714287
East,2016-12-26,2017-01-01,14,0.0,0.0,0.0,0.0014285714285714286,23.201428571428572,72.14714285714287
East,2017-01-02,2017-01-08,14,0.0,0.0,0.0,0.0,23.574285714285715,69.69142857142857
East,2017-01-09,2017-01-15,14,0.0,0.0,0.0,0.0014285714285714286,24.12285714285714,70.94428571428571
East,2017-01-16,2017-01-22,14,0.0,0.0,0.0,0.27714285714285714,25.65142857142857,70.81857142857143
East,2017-01-23,2017-01-29,14,0.0,0.0,0.0,0.6671428571428571,24.884285714285713,77.35428571428572
East,2017-01-30,2017-02-05,14,0.0,0.0,0.0,0.5557142857142857,25.645714285714288,68.52142857142859
East,2017-02-06,2017-02-12,14,0.0,0.0,0.0,0.21285714285714288,25.278571428571432,65.79857142857142
East,2017-02-13,2017-02-19,14,0.0,0.0,0.0,0.4257142857142857,24.80857142857143,61.75714285714286
East,2017-02-20,2017-02-26,14,0.0,0.0,0.0,0.018571428571428572,26.314285714285713,61.991428571428564
East,2017-02-27,2017-03-05,14,0.0,0.0,0.0,0.21857142857142856,26.55285714285714,65.6557142857143
East,2017-03-06,2017-03-12,14,0.0,0.0,0.0,2.835714285714286,25.374285714285715,76.30571428571429
East,2017-03-13,2017-03-19,14,0.0,0.0,0.0,1.467142857142857,26.089999999999996,72.51
East,2017-03-20,2017-03-26,14,0.0,0.0,0.0,3.431428571428571,25.115714285714287,80.05285714285715
East,2017-03-27,2017-04-02,14,0.0,0.0,0.0,4.265714285714286,25.095714285714283,81.23285714285714
East,2017-04-03,2017-04-09,14,0.0,0.0,0.0,4.901428571428572,24.63571428571429,81.76857142857143
East,2017-04-10,2017-04-16,14,0.0,0.0,0.0,5.519999999999999,24.69857142857143,85.73
East,2017-04-17,2017-04-23,14,0.0,0.0,0.0,4.609999999999999,24.31714285714285,85.53142857142858
East,2017-04-24,2017-04-30,14,0.0,0.0,0.0,1.7328571428571433,24.678571428571427,82.57428571428571
East,2017-05-01,2017-05-07,14,0.0,0.0,0.0,4.448571428571428,24.085714285714285,85.05285714285712
East,2017-05-08,2017-05-14,14,0.0,0.0,0.0,3.8185714285714285,24.71285714285714,83.52857142857142
East,2017-05-15,2017-05-21,14,0.0,0.0,0.0,3.4442857142857144,24.745714285714286,82.26285714285714
East,2017-05-22,2017-05-28,14,0.0,0.0,0.0,11.37857142857143,23.698571428571427,86.5442857142857
East,2017-05-29,2017-06-04,14,0.0,0.0,0.0,5.140000000000001,23.831428571428575,87.29571428571428
East,2017-06-05,2017-06-11,14,0.0,0.0,0.0,6.819999999999999,24.005714285714287,88.56857142857143
East,2017-06-12,2017-06-18,14,0.0,0.0,0.0,6.737142857142857,22.817142857142862,89.54142857142858
East,2017-06-19,2017-06-25,14,0.0,0.0,0.0,5.355714285714286,23.017142857142854,86.96142857142857
East,2017-06-26,2017-07-02,14,0.0,0.0,0.0,4.354285714285714,22.90857142857143,87.46714285714286
East,2017-07-03,2017-07-09,14,0.0,0.0,0.0,1.5457142857142858,23.022857142857145,85.86999999999999
East,2017-07-10,2017-07-16,14,0.0,0.0,0.0,4.694285714285714,22.875714285714285,85.39571428571428
East,2017-07-17,2017-07-23,14,0.0,0.0,0.0,5.239999999999999,22.994285714285716,87.95857142857143
East,2017-07-24,2017-07-30,14,0.0,0.0,0.0,5.685714285714286,23.03142857142857,87.89714285714285
East,2017-07-31,2017-08-06,14,0.0,0.0,0.0,7.821428571428571,22.572857142857142,90.06428571428572
East,2017-08-07,2017-08-13,14,0.0,0.0,0.0,2.4085714285714284,23.01285714285714,85.13571428571429
East,2017-08-14,2017-08-20,14,0.0,0.0,0.0,3.1585714285714284,23.024285714285718,87.04714285714286
East,2017-08-21,2017-08-27,14,0.0,0.0,0.0,5.782857142857142,22.555714285714284,88.27
East,2017-08-28,2017-09-03,14,0.0,0.0,0.0,6.864285714285714,22.694285714285716,88.28
East,2017-09-04,2017-09-10,14,0.0,0.0,0.0,4.4399999999999995,22.59857142857143,89.55142857142856
East,2017-09-11,2017-09-17,14,0.0,0.0,0.0,9.45857142857143,22.609999999999996,89.83571428571429
East,2017-09-18,2017-09-24,14,0.0,0.0,0.0,8.325714285714286,22.937142857142863,89.2942857142857
East,2017-09-25,2017-10-01,14,0.0,0.0,0.0,7.505714285714286,22.642857142857142,89.11714285714287
East,2017-10-02,2017-10-08,14,0.0,0.0,0.0,7.791428571428571,23.25142857142857,88.78142857142858
East,2017-10-09,2017-10-15,14,0.0,0.0,0.0,9.664285714285715,22.77285714285714,89.28571428571429
East,2017-10-16,2017-10-22,14,0.0,0.0,0.0,4.854285714285714,23.775714285714283,88.75428571428571
East,2017-10-23,2017-10-29,14,0.0,0.0,0.0,7.8742857142857146,22.957142857142856,90.07714285714285
East,2017-10-30,2017-11-05,14,0.0,0.0,0.0,4.855714285714286,22.58857142857143,88.4042857142857
East,2017-11-06,2017-11-12,14,0.0,0.0,0.0,5.420000000000001,23.035714285714285,88.3557142857143
East,2017-11-13,2017-11-19,14,0.0,0.0,0.0,3.3071428571428565,23.464285714285715,87.97571428571429
East,2017-11-20,2017-11-26,14,0.0,0.0,0.0,1.0899999999999999,22.78,84.1842857142857
East,2017-11-27,2017-12-03,14,0.0,0.0,0.0,1.5,23.104285714285716,79.48857142857142
East,2017-12-04,2017-12-10,14,0.0,0.0,0.0,0.004285714285714286,24.02142857142857,78.3042857142857
East,2017-12-11,2017-12-17,14,0.0,0.0,0.0,0.7985714285714286,24.18285714285714,79.35142857142857
East,2017-12-18,2017-12-24,14,0.0,0.0,0.0,1.0971428571428572,24.33285714285714,76.96000000000001
East,2017-12-25,2017-12-31,14,0.0,0.0,0.0,0.0071428571428571435,23.684285714285714,68.75428571428571
East,2018-01-01,2018-01-07,13,0.0,0.0,0.0,0.0,21.805714285714284,63.78714285714285
East,2018-01-01,2018-12-30,12,0.0,4.0,0.0,4.642417582417583,23.55260989010989,82.60269230769231
East,2018-01-08,2018-01-14,13,0.0,0.0,0.0,0.03571428571428571,23.60571428571429,63.27857142857142
East,2018-01-15,2018-01-21,13,0.0,0.0,0.0,0.0,23.141428571428573,57.72857142857142
East,2018-01-22,2018-01-28,13,0.0,0.0,0.0,0.0,24.18285714285714,59.08714285714286
East,2018-01-29,2018-02-04,13,0.0,0.0,0.0,0.0,25.187142857142856,56.825714285714284
East,2018-02-05,2018-02-11,13,0.0,0.0,0.0,1.4228571428571428,27.00428571428571,60.95428571428571
East,2018-02-12,2018-02-18,13,0.0,0.0,0.0,2.8357142857142854,26.097142857142853,73.94285714285716
East,2018-02-19,2018-02-25,13,0.0,0.0,0.0,3.6171428571428565,25.0,79.10285714285715
East,2018-02-26,2018-03-04,13,0.0,0.0,0.0,3.455714285714286,23.72142857142857,83.27285714285713
East,2018-03-05,2018-03-11,13,0.0,0.0,0.0,4.887142857142856,24.56142857142857,79.75428571428571
East,2018-03-12,2018-03-18,13,0.0,0.0,0.0,4.957142857142857,24.138571428571428,85.19571428571427
East,2018-03-19,2018-03-25,13,0.0,0.0,0.0,2.337142857142857,23.969999999999995,84.08000000000001
East,2018-03-26,2018-04-01,13,0.0,8.0,0.0,2.827142857142857,25.005714285714287,81.63
East,2018-04-02,2018-04-08,13,0.0,0.0,0.0,3.932857142857143,23.992857142857144,85.25428571428571
East,2018-04-09,2018-04-15,13,0.0,0.0,0.0,8.88142857142857,23.75714285714286,87.17714285714285
East,2018-04-16,2018-04-22,13,0.0,0.0,0.0,4.282857142857144,24.127142857142854,86.83
East,2018-04-23,2018-04-29,13,0.0,0.0,0.0,4.981428571428571,23.95,87.25571428571429
East,2018-04-30,2018-05-06,13,0.0,0.0,0.0,2.0385714285714287,24.625714285714285,85.17428571428572
East,2018-05-07,2018-05-13,13,0.0,0.0,0.0,8.459999999999999,24.09,87.98142857142857
East,2018-05-14,2018-05-20,13,0.0,0.0,0.0,6.0442857142857145,23.365714285714287,87.78571428571429
East,2018-05-21,2018-05-27,13,0.0,0.0,0.0,2.0700000000000003,23.678571428571423,85.67999999999999
East,2018-05-28,2018-06-03,13,0.0,0.0,0.0,6.057142857142857,23.95,86.0142857142857
East,2018-06-04,2018-06-10,13,0.0,0.0,0.0,1.9942857142857144,23.93,84.82285714285715
East,2018-06-11,2018-06-17,13,0.0,0.0,0.0,2.757142857142857,24.407142857142862,80.65857142857143
East,2018-06-18,2018-06-24,13,0.0,0.0,0.0,10.847142857142858,22.388571428571424,87.81428571428572
East,2018-06-25,2018-07-01,13,0.0,0.0,0.0,7.485714285714285,22.435714285714283,89.11857142857141
East,2018-07-02,2018-07-08,13,0.0,0.0,0.0,5.414285714285713,22.885714285714283,87.35285714285715
East,2018-07-09,2018-07-15,13,0.0,0.0,0.0,3.2514285714285713,22.972857142857144,83.16142857142857
East,2018-07-16,2018-07-22,13,0.0,0.0,0.0,9.251428571428573,22.758571428571425,87.76571428571428
East,2018-07-17,2018-08-12,1,0.0,1.0,0.0,8.661481481481482,22.765925925925924,88.40851851851852
East,2018-07-23,2018-07-29,13,0.0,0.0,0.0,14.03,22.61285714285714,90.27714285714286
East,2018-07-30,2018-08-05,13,0.0,0.0,0.0,2.8785714285714286,22.647142857142853,88.98285714285716
East,2018-08-06,2018-08-12,13,0.0,0.0,0.0,9.192857142857141,23.005714285714287,86.81285714285715
East,2018-08-13,2018-08-19,13,0.0,0.0,0.0,4.284285714285714,22.81714285714285,88.08428571428571
East,2018-08-20,2018-08-26,12,0.0,0.0,0.0,6.909999999999999,22.21857142857143,90.06000000000002
East,2018-08-27,2018-09-02,13,0.0,0.0,0.0,11.927142857142858,22.15142857142857,91.26571428571431
East,2018-09-03,2018-09-09,13,0.0,0.0,0.0,5.95,22.699999999999996,90.23857142857143
East,2018-09-10,2018-09-16,13,0.0,0.0,0.0,7.319999999999999,22.81857142857143,88.43714285714285
East,2018-09-17,2018-09-23,13,0.0,0.0,0.0,6.8585714285714285,22.76285714285714,89.76857142857143
East,2018-09-24,2018-09-30,13,0.0,0.0,0.0,10.744285714285715,22.775714285714287,88.88142857142859
East,2018-10-01,2018-10-07,13,0.0,0.0,0.0,6.152857142857144,23.12,88.35857142857142
East,2018-10-08,2018-10-14,13,0.0,0.0,0.0,14.36,22.871428571428574,91.87857142857142
East,2018-10-15,2018-10-21,13,0.0,0.0,0.0,7.12,23.15285714285714,89.49
East,2018-10-22,2018-10-28,13,0.0,0.0,0.0,5.497142857142856,23.21,89.03
East,2018-10-29,2018-11-04,13,0.0,0.0,0.0,6.212857142857142,23.21857142857143,89.24714285714288
East,2018-11-05,2018-11-11,13,0.0,0.0,0.0,0.7714285714285715,23.71857142857143,86.53714285714285
East,2018-11-12,2018-11-18,13,0.0,0.0,0.0,5.2385714285714275,23.48,87.59
East,2018-11-19,2018-11-25,13,0.0,0.0,0.0,1.0585714285714285,23.822857142857142,85.14428571428572
East,2018-11-26,2018-12-02,13,0.0,0.0,0.0,0.4657142857142857,23.881428571428575,84.54714285714286
East,2018-12-10,2018-12-16,13,0.0,0.0,0.0,0.0,23.692857142857147,75.83571428571429
East,2018-12-17,2018-12-23,13,0.0,0.0,0.0,0.02142857142857143,22.36285714285714,72.05428571428571
East,2018-12-24,2018-12-30,13,0.0,0.0,0.0,0.09142857142857143,23.25,70.56142857142856
East,2018-12-31,2019-01-06,13,0.0,0.0,0.0,0.048571428571428585,23.502857142857142,71.63428571428571
East,2018-12-31,2019-12-29,12,0.0,0.0,0.0,3.5870329670329664,24.114642857142854,80.37431318681318
East,2019-01-07,2019-01-13,13,0.0,0.0,0.0,0.002857142857142857,23.755714285714287,67.28714285714285
East,2019-01-14,2019-01-20,13,0.0,0.0,0.0,0.011428571428571429,24.061428571428568,66.95285714285714
East,2019-01-21,2019-01-27,13,0.0,0.0,0.0,0.20857142857142857,25.162857142857145,75.51
East,2019-01-28,2019-02-03,13,0.0,0.0,0.0,0.8242857142857142,25.43857142857143,72.19857142857143
East,2019-02-04,2019-02-10,13,0.0,0.0,0.0,0.7828571428571428,24.794285714285714,68.60000000000001
East,2019-02-11,2019-02-17,13,0.0,0.0,0.0,0.0,25.271428571428572,62.332857142857144
East,2019-02-18,2019-02-24,13,0.0,0.0,0.0,0.0,25.87571428571428,70.83714285714287
East,2019-02-25,2019-03-03,13,0.0,0.0,0.0,2.7457142857142856,24.505714285714284,77.47
East,2019-03-04,2019-03-10,13,0.0,0.0,0.0,3.0414285714285714,24.97142857142857,79.96285714285715
East,2019-03-11,2019-03-17,13,0.0,0.0,0.0,0.48,25.712857142857143,77.36714285714287
East,2019-03-18,2019-03-24,13,0.0,0.0,0.0,1.7442857142857144,26.624285714285712,74.67999999999999
East,2019-05-13,2019-05-19,13,0.0,0.0,0.0,1.7685714285714285,26.198571428571427,72.53571428571429
Far North,2010-01-04,2010-01-10,27,0.0,0.0,0.0,0.0,24.304285714285715,13.994285714285713
Far North,2010-01-11,2010-01-17,27,0.0,0.0,0.0,0.0,24.72,14.695714285714287
Far North,2010-01-18,2010-01-24,27,0.0,0.0,0.0,0.0,23.724285714285713,17.90857142857143
Far North,2010-01-25,2010-01-31,27,0.0,0.0,0.0,0.0,28.655714285714286,16.172857142857143
Far North,2010-02-01,2010-02-07,27,0.0,0.0,0.0,0.0,25.89428571428571,15.02142857142857
Far North,2010-02-08,2010-02-14,27,0.0,0.0,0.0,0.0,27.67285714285714,12.425714285714289
Far North,2010-02-15,2010-02-21,27,0.0,0.0,0.0,0.0,30.815714285714286,11.782857142857141
Far North,2010-02-22,2010-02-28,27,0.0,0.0,0.0,0.0,29.960000000000004,10.014285714285714
Far North,2010-03-01,2010-03-07,27,0.0,0.0,0.0,0.0,28.73,8.727142857142857
Far North,2010-03-08,2010-03-14,27,0.0,0.0,0.0,0.0071428571428571435,31.098571428571432,21.541428571428575
Far North,2010-03-15,2010-03-21,27,0.0,0.0,0.0,0.03571428571428571,29.360000000000003,26.77
Far North,2010-03-22,2010-03-28,27,0.0,0.0,0.0,0.0,27.641428571428573,11.185714285714283
Far North,2010-03-29,2010-04-04,27,0.0,0.0,0.0,0.0,29.907142857142855,8.340000000000002
Far North,2010-04-05,2010-04-11,27,0.0,0.0,0.0,0.35857142857142854,31.18857142857143,17.342857142857145
Far North,2010-04-12,2010-04-18,27,0.0,0.0,0.0,2.025714285714286,32.13142857142857,40.51857142857143
Far North,2010-04-19,2010-04-25,27,0.0,0.0,0.0,0.9171428571428571,31.87,44.40285714285714
Far North,2010-04-26,2010-05-02,27,0.0,0.0,0.0,1.9971428571428576,29.247142857142855,57.620000000000005
Far North,2010-05-03,2010-05-09,27,4.0,24.0,0.0,0.45428571428571424,30.41857142857143,52.34428571428572
Far North,2010-05-06,2010-10-03,1,0.0,7633.0,0.0,4.886887417218544,26.192847682119208,74.37384105960263
Far North,2010-05-06,2010-12-31,1,602.0,9421.0,0.0,3.2782083333333336,25.658875000000002,64.52695833333334
Far North,2010-05-10,2010-05-16,27,1.0,33.0,0.0,0.6628571428571428,32.604285714285716,46.58428571428571
Far North,2010-05-17,2010-05-23,27,0.0,15.0,0.0,0.5128571428571429,31.60714285714286,49.74857142857143
Far North,2010-05-24,2010-05-30,27,6.0,11.0,0.0,1.0299999999999998,31.201428571428572,51.551428571428566
Far North,2010-05-31,2010-06-06,27,3.0,24.0,0.0,5.721428571428571,27.97,66.15428571428572
Far North,2010-06-07,2010-06-13,27,9.0,24.0,0.0,3.902857142857143,28.468571428571433,61.33714285714286
Far North,2010-06-14,2010-06-20,27,2.0,54.0,0.0,3.541428571428572,28.624285714285712,62.85285714285715
Far North,2010-06-21,2010-06-27,27,6.0,127.0,0.0,5.430000000000001,27.49,68.5
Far North,2010-06-28,2010-07-04,27,12.0,189.0,0.0,2.62,27.29571428571429,66.68857142857144
Far North,2010-07-05,2010-07-11,27,18.0,171.0,0.0,5.118571428571428,25.798571428571428,74.15142857142857
Far North,2010-07-12,2010-07-18,27,18.0,287.0,0.0,6.774285714285715,24.800000000000004,79.87428571428572
Far North,2010-07-19,2010-07-25,27,22.0,300.0,0.0,10.067142857142857,23.13,87.87
Far North,2010-07-26,2010-08-01,27,28.0,442.0,0.0,5.63,23.305714285714284,87.85142857142856
Far North,2010-08-02,2010-08-08,27,48.0,591.0,0.0,7.988571428571428,24.1,87.64285714285714
Far North,2010-08-09,2010-08-15,27,52.0,745.0,0.0,6.869999999999999,23.524285714285714,84.53714285714285
Far North,2010-08-16,2010-08-22,27,42.0,767.0,0.0,9.178571428571429,24.017142857142858,86.32857142857142
Far North,2010-08-23,2010-08-29,27,56.0,889.0,0.0,14.581428571428571,23.56857142857143,88.40142857142857
Far North,2010-08-30,2010-09-05,27,53.0,883.0,0.0,4.062857142857142,23.535714285714285,89.08142857142857
Far North,2010-09-06,2010-09-12,27,43.0,755.0,0.0,2.4471428571428575,23.60857142857143,86.24857142857141
Far North,2010-09-13,2010-09-19,27,40.0,654.0,0.0,4.492857142857142,24.192857142857143,83.47285714285715
Far North,2010-09-20,2010-09-26,27,38.0,493.0,0.0,2.0357142857142856,23.837142857142858,85.14428571428572
Far North,2010-09-27,2010-10-03,27,14.0,355.0,0.0,2.5700000000000003,24.75142857142857,80.86142857142856
Far North,2010-10-04,2010-10-10,27,18.0,284.0,0.0,3.7157142857142853,24.927142857142854,79.05428571428571
Far North,2010-10-11,2010-10-17,27,18.0,215.0,0.0,0.7300000000000001,25.454285714285714,78.08142857142857
Far North,2010-10-18,2010-10-24,27,7.0,175.0,0.0,2.5,24.87,80.57428571428571
Far North,2010-10-25,2010-10-31,27,10.0,199.0,0.0,0.021428571428571432,25.669999999999998,71.46142857142857
Far North,2010-11-01,2010-11-07,27,9.0,127.0,0.0,0.005714285714285714,26.285714285714285,54.81142857142858
Far North,2010-11-08,2010-11-14,27,3.0,96.0,0.0,0.005714285714285714,25.897142857142853,49.424285714285716
Far North,2010-11-15,2010-11-21,27,5.0,131.0,0.0,0.0,26.220000000000002,44.49428571428571
Far North,2010-11-22,2010-11-28,27,1.0,96.0,0.0,0.0,25.698571428571427,39.29714285714285
Far North,2010-11-29,2010-12-05,27,4.0,98.0,0.0,0.0,25.218571428571433,29.437142857142852
Far North,2010-12-06,2010-12-12,27,1.0,43.0,0.0,0.0,21.62142857142857,23.801428571428573
Far North,2010-12-13,2010-12-19,27,3.0,47.0,0.0,0.0,24.345714285714283,24.892857142857142
Far North,2010-12-20,2010-12-26,27,4.0,47.0,0.0,0.0,23.00714285714286,18.494285714285716
Far North,2010-12-27,2011-01-02,27,2.0,21.0,0.0,0.0,22.268571428571427,20.41857142857143
Far North,2011-01-01,2011-09-22,27,292.0,7313.0,0.0,2.5578490566037733,27.163169811320756,46.606490566037735
Far North,2011-01-03,2011-01-09,27,0.0,26.0,0.0,0.0,23.005714285714284,22.602857142857147
Far North,2011-01-10,2011-01-16,27,0.0,6.0,0.0,0.0,20.40142857142857,18.819999999999997
Far North,2011-01-17,2011-01-23,27,1.0,3.0,0.0,0.0,21.518571428571427,21.222857142857144
Far North,2011-01-24,2011-01-30,27,0.0,2.0,0.0,0.0,26.02,12.677142857142858
Far North,2011-01-31,2011-02-06,27,0.0,3.0,0.0,0.005714285714285714,28.375714285714285,17.102857142857143
Far North,2011-02-07,2011-02-13,27,0.0,0.0,0.0,0.0,26.988571428571422,19.891428571428573
Far North,2011-02-14,2011-02-20,27,0.0,0.0,0.0,0.0,28.66857142857143,11.541428571428572
Far North,2011-02-21,2011-02-27,27,0.0,0.0,0.0,0.024285714285714282,29.048571428571424,21.30428571428572
Far North,2011-02-28,2011-03-06,27,0.0,0.0,0.0,0.0,29.938571428571432,17.235714285714284
Far North,2011-03-07,2011-03-13,27,0.0,0.0,0.0,0.0,29.397142857142853,10.657142857142857
Far North,2011-03-14,2011-03-20,27,0.0,0.0,0.0,0.0,28.638571428571424,9.68857142857143
Far North,2011-03-21,2011-03-27,27,0.0,1.0,0.0,0.011428571428571429,30.43285714285714,10.655714285714286
Far North,2011-03-28,2011-04-03,27,0.0,3.0,0.0,0.0,30.117142857142856,9.952857142857145
Far North,2011-04-04,2011-04-10,27,0.0,4.0,0.0,0.7342857142857142,29.668571428571425,12.367142857142856
Far North,2011-04-11,2011-04-17,27,0.0,12.0,0.0,0.03142857142857143,31.18857142857143,22.271428571428576
Far North,2011-04-18,2011-04-24,27,3.0,25.0,0.0,0.28428571428571425,32.61571428571428,25.107142857142858
Far North,2011-04-25,2011-05-01,27,2.0,36.0,0.0,0.5228571428571428,31.367142857142856,46.559999999999995
Far North,2011-05-02,2011-05-08,27,3.0,43.0,0.0,0.31999999999999995,31.837142857142858,44.65857142857143
Far North,2011-05-09,2011-05-15,27,4.0,88.0,0.0,0.24,30.537142857142857,48.314285714285724
Far North,2011-05-16,2011-05-22,27,1.0,62.0,0.0,3.882857142857142,30.18428571428571,51.32285714285713
Far North,2011-05-23,2011-05-29,27,1.0,82.0,0.0,1.6514285714285712,27.467142857142857,64.80142857142857
Far North,2011-05-30,2011-06-05,27,0.0,66.0,0.0,2.9385714285714286,29.732857142857142,57.30142857142857
Far North,2011-06-01,2011-08-12,1,59.0,0.0,0.0,4.674520547945206,26.583150684931507,69.81890410958904
Far North,2011-06-06,2011-06-12,27,1.0,75.0,0.0,1.8957142857142857,28.532857142857146,61.714285714285715
Far North,2011-06-13,2011-06-19,27,2.0,56.0,0.0,3.59,28.638571428571428,60.365714285714276
Far North,2011-06-20,2011-06-26,27,4.0,55.0,0.0,5.890000000000001,27.404285714285717,65.82
Far North,2011-06-27,2011-07-03,27,3.0,60.0,0.0,7.708571428571427,26.720000000000002,67.48714285714286
Far North,2011-07-04,2011-07-10,27,5.0,65.0,0.0,1.6300000000000001,26.864285714285717,66.3742857142857
Far North,2011-07-11,2011-07-17,27,13.0,153.0,0.0,5.307142857142857,25.154285714285713,74.07571428571428
Far North,2011-07-18,2011-07-24,27,11.0,163.0,0.0,4.845714285714287,25.48857142857143,75.07714285714285
Far North,2011-07-25,2011-07-31,27,8.0,189.0,0.0,3.244285714285714,25.142857142857142,76.46142857142856
Far North,2011-08-01,2011-08-07,27,9.0,289.0,0.0,5.875714285714286,24.875714285714285,79.85285714285715
Far North,2011-08-08,2011-08-14,27,9.0,262.0,0.0,14.765714285714285,23.658571428571427,84.77999999999999
Far North,2011-08-15,2011-08-21,27,9.0,414.0,0.0,5.572857142857143,23.255714285714284,86.64857142857143
Far North,2011-08-22,2011-08-28,27,11.0,515.0,0.0,5.434285714285714,23.77857142857143,83.81285714285714
Far North,2011-08-29,2011-09-04,27,13.0,405.0,0.0,6.725714285714285,23.985714285714288,83.0
Far North,2011-09-05,2011-09-11,27,5.0,233.0,0.0,6.921428571428571,23.907142857142862,84.20285714285716
Far North,2011-09-12,2011-09-18,27,5.0,283.0,0.0,3.905714285714286,23.155714285714286,84.98571428571428
Far North,2011-09-19,2011-09-25,27,5.0,212.0,0.0,3.972857142857143,24.565714285714286,81.78285714285714
Far North,2011-09-23,2011-12-11,1,39.0,802.0,0.0,0.45562500000000006,24.66675,48.025375000000004
Far North,2011-09-26,2011-10-02,27,2.0,183.0,0.0,1.0285714285714285,24.798571428571428,79.48285714285714
Far North,2011-10-03,2011-10-09,27,5.0,111.0,0.0,2.0928571428571425,25.2,77.36714285714287
Far North,2011-10-10,2011-10-16,27,3.0,91.0,0.0,0.8099999999999999,25.442857142857147,74.11714285714287
Far North,2011-10-17,2011-10-23,27,6.0,53.0,0.0,0.15428571428571433,26.032857142857143,69.19
Far North,2011-10-24,2011-10-30,27,1.0,46.0,0.0,0.02142857142857143,26.05857142857143,51.098571428571425
Far North,2011-10-31,2011-11-06,27,2.0,26.0,0.0,0.0,25.900000000000002,39.05714285714286
Far North,2011-11-07,2011-11-13,27,2.0,28.0,0.0,0.0,25.814285714285713,36.04285714285715
Far North,2011-11-14,2011-11-20,27,1.0,18.0,0.0,0.0,25.500000000000004,26.05857142857143
Far North,2011-11-21,2011-11-27,27,0.0,5.0,0.0,0.0,22.814285714285713,22.82
Far North,2011-11-28,2011-12-04,27,0.0,2.0,0.0,0.0,21.49285714285714,20.635714285714283
Far North,2011-12-05,2011-12-11,27,0.0,0.0,0.0,0.0,22.124285714285715,18.641428571428573
Far North,2011-12-12,2011-12-18,27,0.0,0.0,0.0,0.0,21.701428571428576,20.607142857142858
Far North,2011-12-19,2011-12-25,27,0.0,0.0,0.0,0.0,23.56,19.145714285714288
Far North,2011-12-26,2012-01-01,27,0.0,0.0,0.0,0.0,24.72285714285714,19.95
Far North,2012-01-02,2012-01-08,27,0.0,0.0,0.0,0.0,21.997142857142855,21.295714285714286
Far North,2012-01-09,2012-01-15,27,0.0,0.0,0.0,0.0,21.228571428571428,19.277142857142856
Far North,2012-01-16,2012-01-22,27,0.0,0.0,0.0,0.0,24.23714285714286,17.955714285714286
Far North,2012-01-23,2012-01-29,27,0.0,0.0,0.0,0.0,26.518571428571427,12.632857142857144
Far North,2012-01-30,2012-02-05,27,0.0,0.0,0.0,0.0,26.765714285714285,14.562857142857144
Far North,2012-02-06,2012-02-12,27,0.0,0.0,0.0,0.0,26.592857142857145,12.692857142857141
Far North,2012-02-13,2012-02-19,27,0.0,0.0,0.0,0.0,28.961428571428574,14.730000000000002
Far North,2012-02-20,2012-02-26,27,0.0,0.0,0.0,0.002857142857142857,29.588571428571434,13.784285714285716
Far North,2012-02-27,2012-03-04,27,0.0,0.0,0.0,0.0,28.81714285714286,13.427142857142858
Far North,2012-03-05,2012-03-11,27,0.0,0.0,0.0,0.0,28.565714285714282,9.89857142857143
Far North,2012-03-12,2012-03-18,27,0.0,0.0,0.0,0.0,28.484285714285715,13.175714285714287
Far North,2012-03-19,2012-03-25,27,0.0,0.0,0.0,0.0,28.368571428571435,8.53
Far North,2012-03-26,2012-04-01,27,0.0,0.0,0.0,0.16999999999999998,29.83285714285714,9.338571428571429
Far North,2012-04-02,2012-04-08,27,0.0,0.0,0.0,1.26,31.995714285714286,25.63714285714286
Far North,2012-04-09,2012-04-15,27,0.0,0.0,0.0,0.7928571428571427,31.00857142857143,42.77571428571429
Far North,2012-04-16,2012-04-22,27,0.0,0.0,0.0,0.2414285714285714,30.66,46.73428571428571
Far North,2012-04-23,2012-04-29,27,0.0,0.0,0.0,0.5371428571428571,31.275714285714287,33.86571428571428
Far North,2012-04-30,2012-05-06,27,0.0,3.0,0.0,0.36714285714285716,33.230000000000004,36.27142857142857
Far North,2012-05-07,2012-05-13,27,0.0,0.0,0.0,3.744285714285714,28.327142857142853,59.48857142857143
Far North,2012-05-14,2012-05-20,27,0.0,2.0,0.0,1.5328571428571427,29.81714285714286,53.83142857142857
Far North,2012-05-21,2012-05-27,27,0.0,1.0,0.0,4.098571428571429,27.844285714285714,62.22285714285715
Far North,2012-05-28,2012-06-03,27,0.0,0.0,0.0,7.364285714285714,26.935714285714287,68.48428571428572
Far North,2012-06-04,2012-06-10,27,0.0,0.0,0.0,4.911428571428572,26.345714285714283,73.61714285714287
Far North,2012-06-11,2012-06-17,27,0.0,0.0,0.0,7.7942857142857145,25.681428571428572,77.03714285714285
Far North,2012-06-18,2012-06-24,27,0.0,0.0,0.0,2.3885714285714283,25.60571428571428,74.19142857142856
Far North,2012-06-25,2012-07-01,27,0.0,0.0,0.0,8.171428571428573,24.155714285714286,79.52285714285713
Far North,2012-07-02,2012-07-08,27,0.0,0.0,0.0,8.038571428571428,23.670000000000005,83.09857142857142
Far North,2012-07-09,2012-07-15,27,0.0,0.0,0.0,3.82,24.509999999999998,80.90142857142857
Far North,2012-07-16,2012-07-22,27,0.0,0.0,0.0,2.6285714285714286,24.01571428571429,82.79714285714286
Far North,2012-07-23,2012-07-29,27,0.0,0.0,0.0,4.840000000000001,24.154285714285713,82.57142857142857
Far North,2012-07-30,2012-08-05,27,0.0,0.0,0.0,9.862857142857143,24.124285714285715,84.51857142857143
Far North,2012-08-06,2012-08-12,27,0.0,0.0,0.0,5.78,23.685714285714283,85.08142857142857
Far North,2012-08-13,2012-08-19,27,0.0,0.0,0.0,9.691428571428572,22.952857142857145,87.29142857142857
Far North,2012-08-20,2012-08-26,27,0.0,0.0,0.0,9.942857142857145,23.054285714285715,87.23428571428573
Far North,2012-08-27,2012-09-02,27,0.0,0.0,0.0,8.65857142857143,23.877142857142854,83.14999999999999
Far North,2012-09-03,2012-09-09,27,0.0,0.0,0.0,7.549999999999999,23.248571428571427,85.13714285714286
Far North,2012-09-10,2012-09-16,27,0.0,0.0,0.0,8.924285714285714,23.632857142857144,84.88857142857144
Far North,2012-09-17,2012-09-23,27,0.0,0.0,0.0,5.811428571428572,24.002857142857145,81.95857142857143
Far North,2012-09-24,2012-09-30,27,0.0,0.0,0.0,1.9285714285714286,24.535714285714285,80.28714285714285
Far North,2012-10-01,2012-10-07,27,0.0,0.0,0.0,3.23,24.46,81.7
Far North,2012-10-08,2012-10-14,27,0.0,0.0,0.0,1.7685714285714285,25.075714285714287,77.67285714285715
Far North,2012-10-15,2012-10-21,27,0.0,0.0,0.0,0.5914285714285714,25.545714285714286,73.13571428571429
Far North,2012-10-22,2012-10-28,27,0.0,0.0,0.0,0.20428571428571426,25.33285714285714,74.24714285714286
Far North,2012-10-29,2012-11-04,27,0.0,0.0,0.0,0.0,25.232857142857142,49.11714285714286
Far North,2012-11-05,2012-11-11,27,0.0,0.0,0.0,0.8542857142857142,25.865714285714283,61.84857142857144
Far North,2012-11-12,2012-11-18,27,0.0,0.0,0.0,0.0071428571428571435,25.67571428571428,46.65142857142858
Far North,2012-11-19,2012-11-25,27,0.0,0.0,0.0,0.07999999999999999,26.192857142857143,42.11857142857143
Far North,2012-11-26,2012-12-02,27,0.0,0.0,0.0,0.01,25.277142857142856,39.06857142857143
Far North,2012-12-03,2012-12-09,27,0.0,0.0,0.0,0.0,25.294285714285714,27.88285714285714
Far North,2012-12-10,2012-12-16,27,0.0,0.0,0.0,0.0,24.15,24.294285714285714
Far North,2012-12-17,2012-12-23,27,0.0,0.0,0.0,0.0,22.437142857142856,24.229999999999997
Far North,2012-12-24,2012-12-30,27,0.0,0.0,0.0,0.0,21.05857142857143,21.24142857142857
Far North,2012-12-31,2013-01-06,27,0.0,0.0,0.0,0.0,23.204285714285714,21.365714285714287
Far North,2013-01-07,2013-01-13,27,0.0,0.0,0.0,0.0,22.72,23.84
Far North,2013-01-14,2013-01-20,27,0.0,0.0,0.0,0.0,26.601428571428574,18.422857142857143
Far North,2013-01-21,2013-01-27,27,0.0,0.0,0.0,0.0,29.09,19.32428571428571
Far North,2013-01-28,2013-02-03,27,0.0,0.0,0.0,0.0,23.48,16.61285714285714
Far North,2013-02-04,2013-02-10,27,0.0,0.0,0.0,0.0,26.960000000000004,17.184285714285714
Far North,2013-02-11,2013-02-17,27,0.0,0.0,0.0,0.0,27.919999999999998,14.002857142857144
Far North,2013-02-18,2013-02-24,27,0.0,0.0,0.0,0.0,29.50142857142857,14.315714285714284
Far North,2013-02-25,2013-03-03,27,0.0,0.0,0.0,0.0,30.78,11.07714285714286
Far North,2013-03-04,2013-03-10,27,0.0,0.0,0.0,0.0,30.72428571428571,9.27
Far North,2013-03-11,2013-03-17,27,0.0,0.0,0.0,0.0,30.944285714285712,14.180000000000001
Far North,2013-03-18,2013-03-24,27,0.0,0.0,0.0,0.0,30.928571428571427,20.310000000000002
Far North,2013-03-25,2013-03-31,27,0.0,0.0,0.0,0.25999999999999995,31.52142857142857,31.01428571428571
Far North,2013-04-01,2013-04-07,27,0.0,0.0,0.0,0.722857142857143,32.098571428571425,25.767142857142854
Far North,2013-04-08,2013-04-14,27,0.0,0.0,0.0,0.3314285714285714,31.027142857142856,30.647142857142857
Far North,2013-04-15,2013-04-21,27,0.0,0.0,0.0,0.05285714285714286,30.934285714285714,26.44
Far North,2013-04-22,2013-04-28,27,0.0,0.0,0.0,1.0771428571428572,30.305714285714288,36.567142857142855
Far North,2013-04-29,2013-05-05,27,0.0,0.0,0.0,0.3442857142857143,30.638571428571424,49.95428571428572
Far North,2013-05-06,2013-05-12,27,0.0,0.0,0.0,1.014285714285714,29.254285714285718,54.92285714285715
Far North,2013-05-13,2013-05-19,27,0.0,0.0,0.0,1.7157142857142857,31.364285714285717,44.84857142857144
Far North,2013-05-20,2013-05-26,27,0.0,0.0,0.0,1.8528571428571428,29.398571428571422,57.974285714285706
Far North,2013-05-27,2013-06-02,27,0.0,0.0,0.0,4.0042857142857144,28.72,58.99714285714286
Far North,2013-06-03,2013-06-09,27,0.0,0.0,0.0,3.5542857142857143,28.0,61.19285714285714
Far North,2013-06-10,2013-06-16,27,0.0,1.0,0.0,5.044285714285714,27.795714285714286,65.25571428571428
Far North,2013-06-17,2013-06-23,27,0.0,0.0,0.0,4.242857142857143,27.580000000000002,63.84428571428571
Far North,2013-06-24,2013-06-30,27,0.0,0.0,0.0,5.025714285714286,26.36285714285714,70.02142857142857
Far North,2013-07-01,2013-07-07,27,0.0,1.0,0.0,5.935714285714285,25.967142857142857,69.15285714285713
Far North,2013-07-08,2013-07-14,27,0.0,0.0,0.0,6.121428571428572,25.43142857142857,71.64
Far North,2013-07-15,2013-07-21,27,0.0,0.0,0.0,14.641428571428571,24.884285714285713,79.24857142857142
Far North,2013-07-22,2013-07-28,27,0.0,1.0,0.0,8.049999999999999,24.104285714285712,85.09
Far North,2013-07-29,2013-08-04,27,0.0,0.0,0.0,5.892857142857143,23.359999999999996,85.1
Far North,2013-08-05,2013-08-11,27,0.0,0.0,0.0,11.409999999999998,23.207142857142856,87.9057142857143
Far North,2013-08-12,2013-08-18,27,0.0,0.0,0.0,11.317142857142857,23.31,88.22714285714285
Far North,2013-08-19,2013-08-25,27,0.0,5.0,0.0,8.31,23.09,88.32857142857144
Far North,2013-08-26,2013-09-01,27,0.0,0.0,0.0,6.027142857142857,23.694285714285716,84.55
Far North,2013-09-02,2013-09-08,27,0.0,0.0,0.0,5.452857142857143,24.05857142857143,82.87714285714286
Far North,2013-09-09,2013-09-15,27,0.0,0.0,0.0,6.618571428571428,24.08142857142857,83.06285714285715
Far North,2013-09-16,2013-09-22,27,0.0,0.0,0.0,2.4,24.94142857142857,81.54714285714286
Far North,2013-09-23,2013-09-29,27,0.0,0.0,0.0,4.2785714285714285,24.024285714285718,83.25571428571429
Far North,2013-09-30,2013-10-06,27,0.0,0.0,0.0,5.220000000000001,24.82,78.96285714285715
Far North,2013-10-07,2013-10-13,27,0.0,0.0,0.0,1.4985714285714287,24.837142857142855,69.41142857142857
Far North,2013-10-14,2013-10-20,27,0.0,0.0,0.0,0.09,25.06714285714286,61.75714285714285
Far North,2013-10-21,2013-10-27,27,0.0,0.0,0.0,0.14857142857142858,25.06142857142857,54.075714285714284
Far North,2013-10-28,2013-11-03,27,0.0,0.0,0.0,0.0014285714285714286,26.0,58.93142857142856
Far North,2013-11-04,2013-11-10,27,0.0,0.0,0.0,0.0,24.571428571428573,39.11142857142857
Far North,2013-11-11,2013-11-17,27,0.0,0.0,0.0,0.0,25.445714285714285,38.71428571428572
Far North,2013-11-18,2013-11-24,27,0.0,0.0,0.0,0.0,26.189999999999998,31.57571428571429
Far North,2013-11-25,2013-12-01,27,0.0,1.0,0.0,0.0,26.84714285714286,25.582857142857144
Far North,2013-12-02,2013-12-08,27,0.0,0.0,0.0,0.10714285714285714,27.671428571428574,30.135714285714283
Far North,2013-12-09,2013-12-15,27,0.0,0.0,0.0,0.0,24.188571428571432,29.69142857142857
Far North,2013-12-16,2013-12-22,27,0.0,0.0,0.0,0.0,21.195714285714285,20.474285714285713
Far North,2013-12-23,2013-12-29,27,0.0,0.0,0.0,0.0,24.59857142857143,18.587142857142858
Far North,2013-12-30,2014-01-05,28,0.0,0.0,0.0,0.0,23.564285714285717,18.185714285714287
Far North,2014-01-06,2014-01-12,28,0.0,0.0,0.0,0.0,22.547142857142855,20.082857142857144
Far North,2014-01-13,2014-01-19,28,0.0,0.0,0.0,0.0,24.68,15.012857142857143
Far North,2014-01-20,2014-01-26,28,0.0,0.0,0.0,0.0,25.807142857142857,11.987142857142857
Far North,2014-01-27,2014-02-02,28,0.0,0.0,0.0,0.025714285714285714,26.502857142857142,17.619999999999997
Far North,2014-02-03,2014-02-09,28,0.0,0.0,0.0,0.0,26.044285714285714,15.445714285714285
Far North,2014-02-10,2014-02-16,28,0.0,0.0,0.0,0.0,25.132857142857144,11.224285714285715
Far North,2014-02-17,2014-02-23,28,0.0,0.0,0.0,0.0,26.728571428571428,8.682857142857143
Far North,2014-02-24,2014-03-02,28,0.0,0.0,0.0,0.04428571428571428,28.738571428571436,19.02
Far North,2014-03-03,2014-03-09,28,0.0,0.0,0.0,0.002857142857142857,28.725714285714282,19.824285714285715
Far North,2014-03-10,2014-03-16,28,0.0,0.0,0.0,0.0,28.81857142857143,14.164285714285713
Far North,2014-03-17,2014-03-23,28,0.0,0.0,0.0,0.002857142857142857,30.75,10.98
Far North,2014-03-24,2014-03-30,28,0.0,0.0,0.0,0.49428571428571433,31.572857142857146,34.41428571428572
Far North,2014-03-31,2014-04-06,28,0.0,0.0,0.0,0.07571428571428572,31.24285714285714,14.297142857142855
Far North,2014-04-07,2014-04-13,28,0.0,0.0,0.0,0.0,31.76571428571429,22.562857142857144
Far North,2014-04-14,2014-04-20,28,0.0,0.0,0.0,1.0671428571428572,31.61285714285714,40.92142857142857
Far North,2014-04-21,2014-04-27,28,1.0,2.0,0.0,4.065714285714286,29.011428571428574,60.175714285714285
Far North,2014-04-24,2014-07-24,9,61.0,1314.0,0.0,3.104565217391305,27.754347826086956,64.06630434782609
Far North,2014-04-28,2014-05-04,28,1.0,3.0,0.0,5.658571428571429,27.944285714285716,66.05
Far North,2014-05-05,2014-05-11,28,0.0,19.0,0.0,1.3085714285714285,27.865714285714287,60.36714285714286
Far North,2014-05-12,2014-05-18,28,1.0,11.0,0.0,0.7514285714285712,28.241428571428568,50.05857142857144
Far North,2014-05-19,2014-05-25,28,2.0,15.0,0.0,1.3842857142857146,30.83857142857143,51.712857142857146
Far North,2014-05-26,2014-06-01,28,2.0,34.0,0.0,2.6142857142857143,29.23142857142857,58.76714285714286
Far North,2014-06-02,2014-06-08,28,2.0,26.0,0.0,4.975714285714285,27.89428571428571,66.21142857142857
Far North,2014-06-09,2014-06-15,28,1.0,56.0,0.0,1.25,28.49571428571429,62.861428571428576
Far North,2014-06-16,2014-06-22,28,1.0,69.0,0.0,4.751428571428571,27.39428571428571,69.17
Far North,2014-06-23,2014-06-29,28,7.0,221.0,0.0,3.9199999999999995,27.025714285714287,67.60428571428572
Far North,2014-06-30,2014-07-06,28,18.0,256.0,0.0,2.19,26.400000000000002,70.13142857142857
Far North,2014-07-07,2014-07-13,28,15.0,262.0,0.0,4.0614285714285705,25.962857142857143,70.51857142857143
Far North,2014-07-14,2014-07-20,28,8.0,253.0,0.0,2.7585714285714285,26.65285714285714,69.9042857142857
Far North,2014-07-21,2014-07-27,28,6.0,177.0,0.0,3.3057142857142856,25.715714285714284,72.83714285714287
Far North,2014-07-25,2014-08-12,10,16.0,338.0,0.0,7.763684210526315,24.342105263157897,81.43578947368421
Far North,2014-07-28,2014-08-03,28,8.0,162.0,0.0,7.658571428571428,24.897142857142857,79.16142857142857
Far North,2014-08-04,2014-08-10,28,6.0,115.0,0.0,9.395714285714288,23.470000000000002,85.72
Far North,2014-08-11,2014-08-17,28,2.0,69.0,0.0,12.002857142857144,23.412857142857145,86.99142857142856
Far North,2014-08-18,2014-08-24,28,4.0,60.0,0.0,5.228571428571429,23.684285714285714,84.76571428571428
Far North,2014-08-25,2014-08-31,28,4.0,68.0,0.0,5.5114285714285725,24.08857142857143,85.13428571428572
Far North,2014-09-01,2014-09-07,28,3.0,31.0,0.0,7.951428571428573,23.38571428571429,85.48285714285713
Far North,2014-09-08,2014-09-14,28,2.0,44.0,0.0,1.4557142857142857,24.298571428571428,81.21571428571428
Far North,2014-09-15,2014-09-21,28,2.0,29.0,0.0,3.1685714285714286,24.734285714285722,80.0142857142857
Far North,2014-09-22,2014-09-28,28,5.0,41.0,0.0,3.925714285714286,24.844285714285714,79.54285714285713
Far North,2014-09-29,2014-10-05,28,4.0,35.0,0.0,4.951428571428571,24.65857142857143,78.91142857142857
Far North,2014-10-06,2014-10-12,28,11.0,101.0,0.0,1.9285714285714286,25.705714285714286,71.51142857142857
Far North,2014-10-13,2014-10-19,28,10.0,138.0,0.0,2.142857142857143,25.292857142857144,74.37285714285714
Far North,2014-10-20,2014-10-26,28,7.0,99.0,0.0,0.03,26.22142857142857,56.879999999999995
Far North,2014-10-27,2014-11-02,28,19.0,249.0,0.0,0.004285714285714286,26.74142857142857,55.778571428571425
Far North,2014-11-03,2014-11-09,28,2.0,129.0,0.0,0.002857142857142857,27.251428571428573,49.95857142857143
Far North,2014-11-10,2014-11-16,28,0.0,54.0,0.0,0.0,27.09,43.43714285714286
Far North,2014-11-17,2014-11-23,28,0.0,16.0,0.0,0.0,25.337142857142858,32.61571428571428
Far North,2014-11-24,2014-11-30,28,0.0,10.0,0.0,0.0,24.53714285714286,27.99142857142857
Far North,2014-12-01,2014-12-07,28,0.0,7.0,0.0,0.0,24.891428571428573,21.111428571428572
Far North,2014-12-08,2014-12-14,28,0.0,4.0,0.0,0.0,24.95428571428571,20.15285714285714
Far North,2014-12-15,2014-12-21,28,0.0,0.0,0.0,0.0,24.175714285714285,20.529999999999998
Far North,2014-12-22,2014-12-28,28,0.0,0.0,0.0,0.0,21.772857142857145,22.98285714285714
Far North,2014-12-29,2015-01-04,28,0.0,0.0,0.0,0.0,22.86428571428571,20.892857142857142
Far North,2015-01-05,2015-01-11,28,0.0,0.0,0.0,0.0,18.51,19.118571428571425
Far North,2015-01-12,2015-01-18,28,0.0,0.0,0.0,0.0,19.62857142857143,15.572857142857144
Far North,2015-01-19,2015-01-25,28,0.0,0.0,0.0,0.0,25.224285714285713,10.522857142857143
Far North,2015-01-26,2015-02-01,28,0.0,0.0,0.0,0.0,25.93285714285714,15.320000000000002
Far North,2015-02-02,2015-02-08,28,0.0,0.0,0.0,0.0,28.754285714285714,13.20142857142857
Far North,2015-02-09,2015-02-15,28,0.0,0.0,0.0,0.0,27.821428571428573,10.065714285714288
Far North,2015-02-16,2015-02-22,28,0.0,0.0,0.0,0.037142857142857144,29.60714285714286,18.007142857142856
Far North,2015-02-23,2015-03-01,28,0.0,0.0,0.0,0.0,27.515714285714285,12.592857142857142
Far North,2015-03-02,2015-03-08,28,0.0,0.0,0.0,0.0,28.20285714285714,14.611428571428572
Far North,2015-03-09,2015-03-15,28,0.0,0.0,0.0,0.0,30.148571428571426,14.531428571428572
Far North,2015-03-16,2015-03-22,28,0.0,0.0,0.0,0.027142857142857142,31.04428571428571,15.314285714285715
Far North,2015-03-23,2015-03-29,28,0.0,0.0,0.0,0.002857142857142857,31.38,26.199999999999996
Far North,2015-03-30,2015-04-05,28,0.0,0.0,0.0,0.0,30.07,12.827142857142857
Far North,2015-04-06,2015-04-12,28,0.0,0.0,0.0,0.025714285714285717,31.539999999999996,28.37285714285714
Far North,2015-04-13,2015-04-19,28,0.0,0.0,0.0,0.0,28.67428571428571,8.594285714285714
Far North,2015-04-20,2015-04-26,28,0.0,0.0,0.0,0.0,30.968571428571426,10.868571428571428
Far North,2015-04-27,2015-05-03,28,0.0,0.0,0.0,1.1842857142857142,31.23,13.012857142857143
Far North,2015-05-04,2015-05-10,28,0.0,0.0,0.0,0.03,30.905714285714282,36.688571428571436
Far North,2015-05-11,2015-05-17,28,0.0,0.0,0.0,0.5185714285714286,31.31857142857143,38.08428571428571
Far North,2015-05-18,2015-05-24,28,0.0,0.0,0.0,0.8300000000000001,31.187142857142856,46.34571428571429
Far North,2015-05-25,2015-05-31,28,0.0,0.0,0.0,1.6442857142857144,31.20285714285714,47.401428571428575
Far North,2015-06-01,2015-06-07,28,0.0,0.0,0.0,14.395714285714282,27.804285714285715,65.39857142857143
Far North,2015-06-08,2015-06-14,28,0.0,3.0,0.0,4.541428571428573,26.79428571428571,71.14571428571428
Far North,2015-06-15,2015-06-21,28,0.0,0.0,0.0,6.01857142857143,27.207142857142856,69.33714285714287
Far North,2015-06-22,2015-06-28,28,0.0,0.0,0.0,2.44,26.267142857142858,72.56714285714285
Far North,2015-06-29,2015-07-05,28,0.0,0.0,0.0,6.531428571428571,26.04714285714286,73.4057142857143
Far North,2015-07-06,2015-07-12,28,0.0,0.0,0.0,1.5457142857142858,26.937142857142856,70.03857142857142
Far North,2015-07-13,2015-07-19,28,0.0,2.0,0.0,4.261428571428572,26.20714285714286,74.10714285714286
Far North,2015-07-20,2015-07-26,28,0.0,3.0,0.0,2.5471428571428567,25.388571428571424,75.92714285714285
Far North,2015-07-27,2015-08-02,28,0.0,1.0,0.0,5.972857142857143,24.99857142857143,79.47714285714287
Far North,2015-08-03,2015-08-09,28,0.0,0.0,0.0,6.967142857142858,24.322857142857146,82.77857142857144
Far North,2015-08-10,2015-08-16,28,0.0,4.0,0.0,2.9299999999999997,25.038571428571426,81.22714285714287
Far North,2015-08-17,2015-08-23,28,0.0,3.0,0.0,3.3242857142857147,25.21,79.52285714285715
Far North,2015-08-24,2015-08-30,28,0.0,3.0,0.0,8.892857142857142,24.14428571428571,84.57714285714285
Far North,2015-08-31,2015-09-06,28,0.0,0.0,0.0,6.694285714285714,24.689999999999998,81.89
Far North,2015-09-07,2015-09-13,28,0.0,0.0,0.0,7.4142857142857155,24.85571428571429,81.35714285714286
Far North,2015-09-14,2015-09-20,28,0.0,0.0,0.0,3.415714285714285,24.62857142857143,79.97285714285714
Far North,2015-09-21,2015-09-27,28,0.0,0.0,0.0,7.058571428571429,25.221428571428568,81.07285714285715
Far North,2015-09-28,2015-10-04,28,0.0,0.0,0.0,5.108571428571429,25.155714285714282,79.84285714285714
Far North,2015-10-05,2015-10-11,28,0.0,0.0,0.0,2.2528571428571427,25.38714285714286,77.24285714285715
Far North,2015-10-12,2015-10-18,28,0.0,0.0,0.0,2.44,26.442857142857147,72.43428571428572
Far North,2015-10-19,2015-10-25,28,0.0,0.0,0.0,0.37000000000000005,26.68142857142857,68.65428571428572
Far North,2015-10-26,2015-11-01,28,0.0,0.0,0.0,1.022857142857143,26.21857142857143,69.53857142857143
Far North,2015-11-02,2015-11-08,28,0.0,0.0,0.0,0.0,25.555714285714284,48.18714285714286
Far North,2015-11-09,2015-11-15,28,0.0,0.0,0.0,0.0,24.90285714285714,37.87285714285714
Far North,2015-11-16,2015-11-22,28,0.0,0.0,0.0,0.0,25.104285714285712,34.01571428571429
Far North,2015-11-23,2015-11-29,28,0.0,0.0,0.0,0.0,25.06714285714286,24.55285714285714
Far North,2015-11-30,2015-12-06,28,0.0,0.0,0.0,0.0,22.534285714285712,28.017142857142854
Far North,2015-12-07,2015-12-13,28,0.0,0.0,0.0,0.0,21.49142857142857,26.76857142857143
Far North,2015-12-14,2015-12-20,28,0.0,0.0,0.0,0.0,20.024285714285718,23.532857142857143
Far North,2015-12-21,2015-12-27,28,0.0,0.0,0.0,0.0,21.305714285714288,23.48428571428571
Far North,2016-01-04,2016-01-10,28,0.0,0.0,0.0,0.0,24.304285714285715,16.322857142857142
Far North,2016-01-11,2016-01-17,28,0.0,0.0,0.0,0.0,23.908571428571427,15.214285714285714
Far North,2016-01-18,2016-01-24,28,0.0,0.0,0.0,0.0,22.314285714285713,12.52714285714286
Far North,2016-01-25,2016-01-31,28,0.0,0.0,0.0,0.0,20.3,17.297142857142855
Far North,2016-02-01,2016-02-07,28,0.0,0.0,0.0,0.0,24.32857142857143,14.788571428571426
Far North,2016-02-08,2016-02-14,28,0.0,0.0,0.0,0.0,22.352857142857143,11.998571428571429
Far North,2016-02-15,2016-02-21,28,0.0,0.0,0.0,0.0,28.138571428571428,10.914285714285715
Far North,2016-02-22,2016-02-28,28,0.0,0.0,0.0,0.0,28.080000000000005,12.605714285714285
Far North,2016-02-29,2016-03-06,28,0.0,0.0,0.0,0.0,31.20285714285714,11.83285714285714
Far North,2016-03-07,2016-03-13,28,0.0,0.0,0.0,0.0,31.662857142857142,17.217142857142857
Far North,2016-03-14,2016-03-20,28,0.0,0.0,0.0,0.018571428571428572,30.919999999999998,34.75714285714286
Far North,2016-03-21,2016-03-27,28,0.0,0.0,0.0,0.060000000000000005,32.54,23.002857142857142
Far North,2016-03-28,2016-04-03,28,0.0,0.0,0.0,0.0,32.112857142857145,12.175714285714283
Far North,2016-04-04,2016-04-10,28,0.0,2.0,0.0,1.912857142857143,32.32285714285714,35.792857142857144
Far North,2016-04-11,2016-04-17,28,0.0,0.0,0.0,0.8985714285714286,30.40285714285715,55.72857142857142
Far North,2016-04-18,2016-04-24,28,0.0,0.0,0.0,0.24428571428571427,31.042857142857144,22.58571428571429
Far North,2016-04-25,2016-05-01,28,0.0,0.0,0.0,1.17,31.475714285714282,43.33142857142857
Far North,2016-05-02,2016-05-08,28,0.0,0.0,0.0,1.2128571428571429,31.448571428571427,45.442857142857136
Far North,2016-05-09,2016-05-15,28,0.0,0.0,0.0,2.892857142857143,31.110000000000007,53.76571428571429
Far North,2016-05-16,2016-05-22,28,0.0,0.0,0.0,7.198571428571428,28.127142857142854,66.27285714285715
Far North,2016-05-23,2016-05-29,28,0.0,0.0,0.0,11.047142857142855,27.444285714285712,69.31285714285714
Far North,2016-05-30,2016-06-05,28,0.0,0.0,0.0,3.745714285714286,27.09428571428571,60.825714285714284
Far North,2016-06-06,2016-06-12,28,0.0,0.0,0.0,3.0185714285714282,26.664285714285715,75.05857142857143
Far North,2016-06-13,2016-06-19,28,0.0,0.0,0.0,5.5600000000000005,25.297142857142855,75.90714285714286
Far North,2016-06-20,2016-06-26,28,0.0,0.0,0.0,7.645714285714285,25.095714285714287,76.01714285714287
Far North,2016-06-27,2016-07-03,28,0.0,0.0,0.0,7.499999999999999,25.481428571428573,78.51142857142858
Far North,2016-07-04,2016-07-10,28,0.0,1.0,0.0,8.085714285714285,24.74142857142857,84.48428571428572
Far North,2016-07-11,2016-07-17,28,0.0,2.0,0.0,11.302857142857144,23.64428571428572,86.88000000000001
Far North,2016-07-18,2016-07-24,28,0.0,0.0,0.0,5.162857142857142,23.89142857142857,85.07714285714285
Far North,2016-07-25,2016-07-31,28,0.0,4.0,0.0,9.617142857142857,23.99285714285714,85.45285714285714
Far North,2016-08-01,2016-08-07,28,0.0,0.0,0.0,10.744285714285713,23.701428571428576,88.35142857142857
Far North,2016-08-08,2016-08-14,28,0.0,0.0,0.0,6.972857142857143,24.032857142857143,85.91285714285713
Far North,2016-08-15,2016-08-21,28,0.0,0.0,0.0,5.942857142857143,24.580000000000002,83.64999999999999
Far North,2016-08-22,2016-08-28,28,0.0,0.0,0.0,8.637142857142857,23.415714285714284,87.76571428571431
Far North,2016-08-29,2016-09-04,28,0.0,0.0,0.0,12.72,24.368571428571425,83.69428571428571
Far North,2016-09-05,2016-09-11,28,0.0,1.0,0.0,8.26142857142857,24.791428571428572,84.35571428571428
Far North,2016-09-12,2016-09-18,28,0.0,0.0,0.0,7.874285714285713,24.08142857142857,85.37857142857142
Far North,2016-09-19,2016-09-25,28,0.0,0.0,0.0,4.697142857142857,24.307142857142857,85.84
Far North,2016-09-26,2016-10-02,28,0.0,0.0,0.0,2.388571428571429,25.154285714285717,78.56571428571428
Far North,2016-10-03,2016-10-09,28,0.0,0.0,0.0,0.20428571428571426,25.312857142857144,78.69857142857143
Far North,2016-10-10,2016-10-16,28,0.0,0.0,0.0,0.18571428571428572,25.63,76.41714285714286
Far North,2016-10-17,2016-10-23,28,0.0,0.0,0.0,1.25,25.374285714285712,68.46285714285715
Far North,2016-10-24,2016-10-30,28,0.0,0.0,0.0,0.002857142857142857,24.858571428571427,58.09571428571428
Far North,2016-10-31,2016-11-06,28,0.0,0.0,0.0,0.0,24.985714285714284,50.79142857142857
Far North,2016-11-07,2016-11-13,28,0.0,0.0,0.0,0.0,24.175714285714285,42.24857142857143
Far North,2016-11-14,2016-11-20,28,0.0,0.0,0.0,0.0,26.46,44.30428571428572
Far North,2016-11-21,2016-11-27,28,0.0,0.0,0.0,0.0,26.664285714285715,34.27
Far North,2016-11-28,2016-12-04,28,0.0,0.0,0.0,0.0,25.635714285714293,28.40142857142857
Far North,2016-12-05,2016-12-11,28,0.0,0.0,0.0,0.0,25.918571428571433,27.60285714285714
Far North,2016-12-12,2016-12-18,28,0.0,0.0,0.0,0.0,24.87285714285714,23.66142857142857
Far North,2016-12-19,2016-12-25,28,0.0,0.0,0.0,0.0,24.490000000000002,20.045714285714286
Far North,2016-12-26,2017-01-01,28,0.0,0.0,0.0,0.0,22.58142857142857,24.039999999999996
Far North,2017-01-02,2017-01-08,28,0.0,0.0,0.0,0.0,23.92571428571429,22.601428571428574
Far North,2017-01-09,2017-01-15,28,0.0,0.0,0.0,0.0,24.382857142857144,19.387142857142855
Far North,2017-01-16,2017-01-22,28,0.0,0.0,0.0,0.0,27.220000000000002,16.681428571428572
Far North,2017-01-23,2017-01-29,28,0.0,0.0,0.0,0.0,28.07857142857143,18.04
Far North,2017-01-30,2017-02-05,28,0.0,0.0,0.0,0.0,25.68857142857143,15.017142857142858
Far North,2017-02-06,2017-02-12,28,0.0,0.0,0.0,0.0,26.189999999999998,11.319999999999999
Far North,2017-02-13,2017-02-19,28,0.0,0.0,0.0,0.06,24.154285714285717,13.781428571428572
Far North,2017-02-20,2017-02-26,28,0.0,0.0,0.0,0.0,26.23428571428571,11.315714285714288
Far North,2017-02-27,2017-03-05,28,0.0,0.0,0.0,0.0,27.73428571428571,10.432857142857143
Far North,2017-03-06,2017-03-12,28,0.0,0.0,0.0,0.0,28.335714285714285,10.45857142857143
Far North,2017-03-13,2017-03-19,28,0.0,0.0,0.0,0.0,29.482857142857142,12.161428571428573
Far North,2017-03-20,2017-03-26,28,0.0,0.0,0.0,0.0,31.18857142857143,14.028571428571427
Far North,2017-03-27,2017-04-02,28,0.0,0.0,0.0,0.0,31.191428571428577,11.015714285714285
Far North,2017-04-03,2017-04-09,28,0.0,0.0,0.0,0.002857142857142857,32.96,20.694285714285712
Far North,2017-04-10,2017-04-16,28,0.0,0.0,0.0,1.1942857142857144,30.427142857142854,44.49142857142857
Far North,2017-04-17,2017-04-23,28,0.0,0.0,0.0,0.0014285714285714286,32.30142857142857,25.541428571428572
Far North,2017-04-24,2017-04-30,28,0.0,0.0,0.0,0.6642857142857144,32.67857142857143,38.269999999999996
Far North,2017-05-01,2017-05-07,28,0.0,0.0,0.0,7.802857142857143,29.674285714285713,57.040000000000006
Far North,2017-05-08,2017-05-14,28,0.0,0.0,0.0,0.9571428571428572,28.76,58.84857142857144
Far North,2017-05-15,2017-05-21,28,0.0,0.0,0.0,3.2242857142857138,27.952857142857145,63.83428571428571
Far North,2017-05-22,2017-05-28,28,0.0,0.0,0.0,2.1828571428571433,27.72142857142857,65.80999999999999
Far North,2017-05-29,2017-06-04,28,0.0,0.0,0.0,8.694285714285716,26.95428571428572,71.29857142857142
Far North,2017-06-05,2017-06-11,28,0.0,0.0,0.0,2.568571428571428,28.1,66.91142857142857
Far North,2017-06-12,2017-06-18,28,0.0,0.0,0.0,7.301428571428572,25.91714285714286,75.38
Far North,2017-06-19,2017-06-25,28,0.0,0.0,0.0,3.18,25.801428571428573,72.80428571428571
Far North,2017-06-26,2017-07-02,28,0.0,0.0,0.0,5.78,26.044285714285714,74.4342857142857
Far North,2017-07-03,2017-07-09,28,0.0,0.0,0.0,9.744285714285713,24.314285714285713,83.68142857142857
Far North,2017-07-10,2017-07-16,28,0.0,0.0,0.0,3.2985714285714285,24.66428571428571,80.83857142857143
Far North,2017-07-17,2017-07-23,28,0.0,0.0,0.0,8.645714285714286,24.53142857142857,83.75142857142858
Far North,2017-07-24,2017-07-30,28,0.0,0.0,0.0,9.197142857142856,24.591428571428576,83.18571428571428
Far North,2017-07-31,2017-08-06,28,0.0,0.0,0.0,7.672857142857143,23.860000000000003,86.19428571428571
Far North,2017-08-07,2017-08-13,28,0.0,0.0,0.0,11.23857142857143,24.118571428571432,84.41714285714286
Far North,2017-08-14,2017-08-20,28,0.0,0.0,0.0,6.974285714285715,23.789999999999996,86.3342857142857
Far North,2017-08-21,2017-08-27,28,0.0,0.0,0.0,4.914285714285714,23.88428571428571,86.70000000000002
Far North,2017-08-28,2017-09-03,28,0.0,0.0,0.0,3.1371428571428566,23.458571428571435,88.05714285714285
Far North,2017-09-04,2017-09-10,28,0.0,0.0,0.0,5.605714285714285,23.98428571428571,82.39285714285714
Far North,2017-09-11,2017-09-17,28,0.0,0.0,0.0,5.354285714285715,24.624285714285712,82.59714285714287
Far North,2017-09-18,2017-09-24,28,0.0,0.0,0.0,5.247142857142856,24.63571428571429,82.57714285714287
Far North,2017-09-25,2017-10-01,28,0.0,0.0,0.0,4.244285714285715,24.692857142857147,81.69285714285715
Far North,2017-10-02,2017-10-08,28,0.0,0.0,0.0,1.567142857142857,25.40285714285714,77.6842857142857
Far North,2017-10-09,2017-10-15,28,0.0,0.0,0.0,1.5771428571428572,25.448571428571427,69.85857142857142
Far North,2017-10-16,2017-10-22,28,0.0,0.0,0.0,0.10857142857142857,26.022857142857145,53.80285714285714
Far North,2017-10-23,2017-10-29,28,0.0,0.0,0.0,0.0,25.672857142857143,44.81714285714286
Far North,2017-10-30,2017-11-05,28,0.0,0.0,0.0,0.0,25.59571428571428,49.93571428571429
Far North,2017-11-06,2017-11-12,28,0.0,0.0,0.0,0.0,24.537142857142857,38.21999999999999
Far North,2017-11-13,2017-11-19,28,0.0,0.0,0.0,0.0,27.07,31.87285714285714
Far North,2017-11-20,2017-11-26,28,0.0,0.0,0.0,0.0,24.752857142857142,25.162857142857142
Far North,2017-11-27,2017-12-03,28,0.0,0.0,0.0,0.0,24.967142857142857,25.781428571428574
Far North,2017-12-04,2017-12-10,28,0.0,0.0,0.0,0.0,24.390000000000004,25.952857142857145
Far North,2017-12-11,2017-12-17,28,0.0,0.0,0.0,0.0,25.11285714285714,23.609999999999996
Far North,2017-12-18,2017-12-24,28,0.0,0.0,0.0,0.0,26.092857142857145,20.16142857142857
Far North,2017-12-25,2017-12-31,28,0.0,0.0,0.0,0.0,23.834285714285716,24.185714285714283
Far North,2018-01-01,2018-01-07,28,0.0,0.0,0.0,0.0,20.415714285714284,15.91
Far North,2018-01-01,2018-12-30,27,0.0,282.0,0.0,2.9748076923076923,26.1925,50.682802197802204
Far North,2018-01-08,2018-01-14,28,0.0,0.0,0.0,0.0,22.135714285714283,13.635714285714284
Far North,2018-01-15,2018-01-21,28,0.0,0.0,0.0,0.0,22.451428571428572,12.20857142857143
Far North,2018-01-22,2018-01-28,28,0.0,0.0,0.0,0.0,22.512857142857143,16.71
Far North,2018-01-29,2018-02-04,28,0.0,0.0,0.0,0.0,23.954285714285714,11.889999999999999
Far North,2018-02-05,2018-02-11,28,0.0,0.0,0.0,0.0,28.25142857142857,11.202857142857145
Far North,2018-02-12,2018-02-18,28,0.0,0.0,0.0,0.24,28.092857142857145,15.967142857142859
