region,district,date,confirmedcases,suspected cases,deaths,rainfall_avg,temperature_avg,humidity_avg
Littoral,Douala,2025-06-01,1,1,0,1.0,23.0,55.0
Littoral,Douala,2025-07-01,1,1,0,1.0,23.0,56.0
Littoral,Douala,2025-08-01,1,1,0,2.0,24.0,55.0
Littoral,Douala,2025-09-01,1,1,0,1.0,24.0,57.0
Littoral,Douala,2025-10-01,1,1,0,2.0,25.0,58.0
Littoral,Douala,2025-11-01,1,1,0,1.0,25.0,56.0
Littoral,Douala,2025-12-01,1,1,0,2.0,24.0,55.0
Littoral,Douala,2026-01-01,1,1,0,1.0,24.0,57.0
Littoral,Douala,2026-02-01,1,1,0,2.0,25.0,58.0
Littoral,Douala,2026-03-01,1,1,0,1.0,25.0,56.0
Littoral,Douala,2026-04-01,1,1,0,2.0,24.0,55.0
Littoral,Douala,2026-05-01,1,1,0,1.0,24.0,57.0
Littoral,Douala,2026-06-01,1,1,0,2.0,25.0,58.0
Littoral,Douala,2026-07-01,1,1,0,1.0,25.0,56.0
West,Bafoussam,2025-06-01,0,1,0,1.0,23.0,55.0
West,Bafoussam,2025-07-01,0,1,0,1.0,23.0,56.0
West,Bafoussam,2025-08-01,0,1,0,2.0,24.0,55.0
West,Bafoussam,2025-09-01,0,1,0,1.0,24.0,57.0
West,Bafoussam,2025-10-01,0,1,0,2.0,25.0,58.0
West,Bafoussam,2025-11-01,0,1,0,1.0,25.0,56.0
West,Bafoussam,2025-12-01,0,1,0,2.0,24.0,55.0
West,Bafoussam,2026-01-01,0,1,0,1.0,24.0,57.0
West,Bafoussam,2026-02-01,0,1,0,2.0,25.0,58.0
West,Bafoussam,2026-03-01,0,1,0,1.0,25.0,56.0
West,Bafoussam,2026-04-01,0,1,0,2.0,24.0,55.0
West,Bafoussam,2026-05-01,0,1,0,1.0,24.0,57.0
West,Bafoussam,2026-06-01,0,1,0,2.0,25.0,58.0
West,Bafoussam,2026-07-01,0,1,0,1.0,25.0,56.0
Far North,Maroua,2025-06-01,2,3,0,1.0,23.0,55.0
Far North,Maroua,2025-07-01,2,3,0,1.0,23.0,56.0
Far North,Maroua,2025-08-01,2,3,0,2.0,24.0,55.0
Far North,Maroua,2025-09-01,2,3,0,1.0,24.0,57.0
Far North,Maroua,2025-10-01,2,3,0,2.0,25.0,58.0
Far North,Maroua,2025-11-01,2,3,0,1.0,25.0,56.0
Far North,Maroua,2025-12-01,2,3,0,2.0,24.0,55.0
Far North,Maroua,2026-01-01,2,3,0,1.0,24.0,57.0
Far North,Maroua,2026-02-01,2,3,0,2.0,25.0,58.0
Far North,Maroua,2026-03-01,2,3,0,1.0,25.0,56.0
Far North,Maroua,2026-04-01,2,3,0,2.0,24.0,55.0
Far North,Maroua,2026-05-01,2,3,0,1.0,24.0,57.0
Far North,Maroua,2026-06-01,2,3,0,2.0,25.0,58.0
Far North,Maroua,2026-07-01,2,3,0,1.0,25.0,56.0
East,Bertoua,2025-06-01,6,2,1,15.0,26.0,75.0
East,Bertoua,2025-07-01,7,3,1,17.3,26.4,76.5
East,Bertoua,2025-08-01,9,3,1,19.6,26.8,78.1
East,Bertoua,2025-09-01,11,4,2,21.9,27.2,79.6
East,Bertoua,2025-10-01,15,5,2,24.2,27.5,81.2
East,Bertoua,2025-11-01,18,7,2,26.5,27.9,82.7
East,Bertoua,2025-12-01,23,9,3,28.8,28.3,84.2
East,Bertoua,2026-01-01,32,13,4,31.2,28.7,85.8
East,Bertoua,2026-02-01,43,17,6,33.5,29.1,87.3
East,Bertoua,2026-03-01,58,22,8,35.8,29.5,88.8
East,Bertoua,2026-04-01,80,30,11,38.1,29.8,90.4
East,Bertoua,2026-05-01,110,40,15,40.4,30.2,91.9
East,Bertoua,2026-06-01,160,60,22,42.7,30.6,93.5
East,Bertoua,2026-07-01,736,284,102,45.0,31.0,95.0
