ISO3,Country,Residence Type,Service Type,Year,Coverage,Population,Quintile,Service level
CMR,Cameroon,total,Drinking water,2011,57.99071,2346571.53476,Middle,At least basic
CMR,Cameroon,rural,Drinking water,2011,37.46115,725122.37233,Middle,At least basic
CMR,Cameroon,urban,Drinking water,2011,83.50808,1762685.11972,Middle,At least basic
CMR,Cameroon,total,Sanitation,2011,34.0094,1376177.15149,Middle,At least basic
CMR,Cameroon,rural,Sanitation,2011,19.86888,384594.97937,Middle,At least basic
CMR,Cameroon,urban,Sanitation,2011,52.19511,1101732.16351,Middle,At least basic
CMR,Cameroon,total,Drinking water,2011,9.8151,397164.23143,Middle,Limited service
CMR,Cameroon,rural,Drinking water,2011,7.95621,154005.52101,Middle,Limited service
CMR,Cameroon,urban,Drinking water,2011,9.7248,205270.60219,Middle,Limited service
CMR,Cameroon,total,Sanitation,2011,17.49131,707778.94645,Middle,Limited service
CMR,Cameroon,rural,Sanitation,2011,6.46759,125190.79676,Middle,Limited service
CMR,Cameroon,urban,Sanitation,2011,38.82536,819524.11118,Middle,Limited service
CMR,Cameroon,total,Sanitation,2011,2.41003,97521.05506,Middle,Open defecation
CMR,Cameroon,rural,Sanitation,2011,6.63039,128342.08394,Middle,Open defecation
CMR,Cameroon,urban,Sanitation,2011,0.10673,2252.80788,Middle,Open defecation
CMR,Cameroon,total,Drinking water,2011,8.81053,356514.69032,Middle,Surface water
CMR,Cameroon,rural,Drinking water,2011,21.17524,409881.61272,Middle,Surface water
CMR,Cameroon,urban,Drinking water,2011,0.58088,12261.15801,Middle,Surface water
CMR,Cameroon,total,Drinking water,2011,23.38365,946210.34349,Middle,Unimproved
CMR,Cameroon,rural,Drinking water,2011,33.40741,646655.49393,Middle,Unimproved
CMR,Cameroon,urban,Drinking water,2011,6.18624,130578.92009,Middle,Unimproved
CMR,Cameroon,total,Sanitation,2011,46.08926,1864983.647,Middle,Unimproved
CMR,Cameroon,rural,Sanitation,2011,67.03315,1297537.13993,Middle,Unimproved
CMR,Cameroon,urban,Sanitation,2011,8.8728,187286.71742,Middle,Unimproved
CMR,Cameroon,total,Drinking water,2011,40.37223,1633646.43106,Poor,At least basic
CMR,Cameroon,rural,Drinking water,2011,33.98586,657852.41064,Poor,At least basic
CMR,Cameroon,urban,Drinking water,2011,80.96979,1709106.88812,Poor,At least basic
CMR,Cameroon,total,Sanitation,2011,22.60202,914581.91442,Poor,At least basic
CMR,Cameroon,rural,Sanitation,2011,27.29267,528294.74734,Poor,At least basic
CMR,Cameroon,urban,Sanitation,2011,50.66517,1069438.24256,Poor,At least basic
CMR,Cameroon,total,Drinking water,2011,9.20825,372608.14602,Poor,Limited service
CMR,Cameroon,rural,Drinking water,2011,7.93226,153542.04232,Poor,Limited service
CMR,Cameroon,urban,Drinking water,2011,9.47124,199918.435,Poor,Limited service
CMR,Cameroon,total,Sanitation,2011,6.94833,281161.57448,Poor,Limited service
CMR,Cameroon,rural,Sanitation,2011,2.52417,48859.44259,Poor,Limited service
CMR,Cameroon,urban,Sanitation,2011,32.35018,682846.2267,Poor,Limited service
CMR,Cameroon,total,Sanitation,2011,6.59258,266766.16459,Poor,Open defecation
CMR,Cameroon,rural,Sanitation,2011,19.51176,377682.24184,Poor,Open defecation
CMR,Cameroon,urban,Sanitation,2011,0.20955,4423.08689,Poor,Open defecation
CMR,Cameroon,total,Drinking water,2011,17.68586,715651.31299,Poor,Surface water
CMR,Cameroon,rural,Drinking water,2011,22.8968,443205.36138,Poor,Surface water
CMR,Cameroon,urban,Drinking water,2011,0.68601,14480.16796,Poor,Surface water
CMR,Cameroon,total,Drinking water,2011,32.73366,1324554.90994,Poor,Unimproved
CMR,Cameroon,rural,Drinking water,2011,35.18508,681065.18567,Poor,Unimproved
CMR,Cameroon,urban,Drinking water,2011,8.87297,187290.30893,Poor,Unimproved
CMR,Cameroon,total,Sanitation,2011,63.85707,2583951.14651,Poor,Unimproved
CMR,Cameroon,rural,Sanitation,2011,50.6714,980828.56823,Poor,Unimproved
CMR,Cameroon,urban,Sanitation,2011,16.77511,354088.24384,Poor,Unimproved
CMR,Cameroon,total,Drinking water,2011,33.80848,1368046.74639,Poorest,At least basic
CMR,Cameroon,rural,Drinking water,2011,31.60132,611695.6339,Poorest,At least basic
CMR,Cameroon,urban,Drinking water,2011,61.26556,1293190.76614,Poorest,At least basic
CMR,Cameroon,total,Sanitation,2011,22.75457,920754.69966,Poorest,At least basic
CMR,Cameroon,rural,Sanitation,2011,18.69285,361830.93187,Poorest,At least basic
CMR,Cameroon,urban,Sanitation,2011,35.68234,753181.28179,Poorest,At least basic
CMR,Cameroon,total,Drinking water,2011,8.51002,344354.42959,Poorest,Limited service
CMR,Cameroon,rural,Drinking water,2011,9.11278,176392.83527,Poorest,Limited service
CMR,Cameroon,urban,Drinking water,2011,12.20727,257670.64048,Poorest,Limited service
CMR,Cameroon,total,Sanitation,2011,1.72811,69927.23581,Poorest,Limited service
CMR,Cameroon,rural,Sanitation,2011,1.45979,28256.59534,Poorest,Limited service
CMR,Cameroon,urban,Sanitation,2011,14.39554,303860.37225,Poorest,Limited service
CMR,Cameroon,total,Sanitation,2011,26.22674,1061254.59471,Poorest,Open defecation
CMR,Cameroon,rural,Sanitation,2011,30.68408,593940.99505,Poorest,Open defecation
CMR,Cameroon,urban,Sanitation,2011,6.83943,144366.33416,Poorest,Open defecation
CMR,Cameroon,total,Drinking water,2011,18.9905,768443.14776,Poorest,Surface water
CMR,Cameroon,rural,Drinking water,2011,17.16184,332195.74792,Poorest,Surface water
CMR,Cameroon,urban,Drinking water,2011,5.35201,112970.00432,Poorest,Surface water
CMR,Cameroon,total,Drinking water,2011,38.69101,1565616.47626,Poorest,Unimproved
CMR,Cameroon,rural,Drinking water,2011,42.12407,815380.78291,Poorest,Unimproved
CMR,Cameroon,urban,Drinking water,2011,21.17516,446964.38906,Poorest,Unimproved
CMR,Cameroon,total,Sanitation,2011,49.29059,1994524.26982,Poorest,Unimproved
CMR,Cameroon,rural,Sanitation,2011,49.16328,951636.47773,Poorest,Unimproved
CMR,Cameroon,urban,Sanitation,2011,43.0827,909387.81181,Poorest,Unimproved
CMR,Cameroon,total,Drinking water,2011,79.1705,3203603.06555,Rich,At least basic
CMR,Cameroon,rural,Drinking water,2011,44.1283,854176.02136,Rich,At least basic
CMR,Cameroon,urban,Drinking water,2011,91.00212,1920868.83154,Rich,At least basic
CMR,Cameroon,total,Sanitation,2011,51.2702,2074628.61811,Rich,At least basic
CMR,Cameroon,rural,Sanitation,2011,24.19273,468290.29422,Rich,At least basic
CMR,Cameroon,urban,Sanitation,2011,57.7499,1218982.56822,Rich,At least basic
CMR,Cameroon,total,Drinking water,2011,9.36501,378951.63193,Rich,Limited service
CMR,Cameroon,rural,Drinking water,2011,8.15304,157815.52015,Rich,Limited service
CMR,Cameroon,urban,Drinking water,2011,5.24247,110657.77864,Rich,Limited service
CMR,Cameroon,total,Sanitation,2011,33.4918,1355232.58894,Rich,Limited service
CMR,Cameroon,rural,Sanitation,2011,9.35968,181172.0785,Rich,Limited service
CMR,Cameroon,urban,Sanitation,2011,36.93781,779681.78278,Rich,Limited service
CMR,Cameroon,total,Sanitation,2011,0.18846,7625.75859,Rich,Open defecation
CMR,Cameroon,rural,Sanitation,2011,2.30485,44614.25072,Rich,Open defecation
CMR,Cameroon,urban,Sanitation,2011,0.29432,6212.49927,Rich,Open defecation
CMR,Cameroon,total,Drinking water,2011,2.25284,91160.11714,Rich,Surface water
CMR,Cameroon,rural,Drinking water,2011,13.60817,263408.62222,Rich,Surface water
CMR,Cameroon,urban,Drinking water,2011,0.57487,12134.43089,Rich,Surface water
CMR,Cameroon,total,Drinking water,2011,9.21165,372745.98538,Rich,Unimproved
CMR,Cameroon,rural,Drinking water,2011,34.11049,660264.83628,Rich,Unimproved
CMR,Cameroon,urban,Drinking water,2011,3.18054,67134.75893,Rich,Unimproved
CMR,Cameroon,total,Sanitation,2011,15.04954,608973.83436,Rich,Unimproved
CMR,Cameroon,rural,Sanitation,2011,64.14273,1241588.37657,Rich,Unimproved
CMR,Cameroon,urban,Sanitation,2011,5.01796,105918.94973,Rich,Unimproved
CMR,Cameroon,total,Drinking water,2014,57.34998,2530268.93527,Middle,At least basic
CMR,Cameroon,rural,Drinking water,2014,40.17879,815858.00452,Middle,At least basic
CMR,Cameroon,urban,Drinking water,2014,84.14499,2003836.89215,Middle,At least basic
CMR,Cameroon,total,Sanitation,2014,33.6125,1482976.50287,Middle,At least basic
CMR,Cameroon,rural,Sanitation,2014,10.05752,204224.80218,Middle,At least basic
CMR,Cameroon,urban,Sanitation,2014,50.28528,1197498.60242,Middle,At least basic
CMR,Cameroon,total,Hygiene,2014,4.40922,194533.76382,Middle,Basic service
CMR,Cameroon,rural,Hygiene,2014,3.48513,70767.93336,Middle,Basic service
CMR,Cameroon,urban,Hygiene,2014,5.98884,142618.83692,Middle,Basic service
CMR,Cameroon,total,Drinking water,2014,13.45605,593677.96822,Middle,Limited service
CMR,Cameroon,rural,Drinking water,2014,9.49096,192720.46281,Middle,Limited service
CMR,Cameroon,urban,Drinking water,2014,11.63407,277054.83454,Middle,Limited service
CMR,Cameroon,total,Hygiene,2014,5.09804,224924.36835,Middle,Limited service
CMR,Cameroon,rural,Hygiene,2014,5.17812,105145.401,Middle,Limited service
CMR,Cameroon,urban,Hygiene,2014,4.70618,112073.49051,Middle,Limited service
CMR,Cameroon,total,Sanitation,2014,21.56738,951548.18481,Middle,Limited service
CMR,Cameroon,rural,Sanitation,2014,4.44207,90199.24681,Middle,Limited service
CMR,Cameroon,urban,Sanitation,2014,40.65661,968200.45731,Middle,Limited service
CMR,Cameroon,total,Hygiene,2014,90.49274,3992520.46783,Middle,No handwashing facility
CMR,Cameroon,rural,Hygiene,2014,91.33675,1854655.66564,Middle,No handwashing facility
CMR,Cameroon,urban,Hygiene,2014,89.30498,2126717.27257,Middle,No handwashing facility
CMR,Cameroon,total,Sanitation,2014,1.75282,77333.91676,Middle,Open defecation
CMR,Cameroon,rural,Sanitation,2014,7.12835,144746.13409,Middle,Open defecation
CMR,Cameroon,urban,Sanitation,2014,0.35979,8568.03908,Middle,Open defecation
CMR,Cameroon,total,Drinking water,2014,8.58106,378594.5634,Middle,Surface water
CMR,Cameroon,rural,Drinking water,2014,15.74082,319628.29624,Middle,Surface water
CMR,Cameroon,urban,Drinking water,2014,1.01132,24083.76386,Middle,Surface water
CMR,Cameroon,total,Drinking water,2014,20.61291,909437.13311,Middle,Unimproved
CMR,Cameroon,rural,Drinking water,2014,34.58943,702362.23643,Middle,Unimproved
CMR,Cameroon,urban,Drinking water,2014,3.20962,76434.10945,Middle,Unimproved
CMR,Cameroon,total,Sanitation,2014,43.0673,1900119.99557,Middle,Unimproved
CMR,Cameroon,rural,Sanitation,2014,78.37206,1591398.81692,Middle,Unimproved
CMR,Cameroon,urban,Sanitation,2014,8.69831,207142.50119,Middle,Unimproved
CMR,Cameroon,total,Drinking water,2014,44.37559,1957841.53442,Poor,At least basic
CMR,Cameroon,rural,Drinking water,2014,41.81455,849073.2837,Poor,At least basic
CMR,Cameroon,urban,Drinking water,2014,76.50554,1821910.38921,Poor,At least basic
CMR,Cameroon,total,Sanitation,2014,10.59854,467605.10973,Poor,At least basic
CMR,Cameroon,rural,Sanitation,2014,5.58019,113309.57951,Poor,At least basic
CMR,Cameroon,urban,Sanitation,2014,50.43481,1201059.35353,Poor,At least basic
CMR,Cameroon,total,Hygiene,2014,3.1686,139798.10098,Poor,Basic service
CMR,Cameroon,rural,Hygiene,2014,3.10962,63143.06129,Poor,Basic service
CMR,Cameroon,urban,Hygiene,2014,6.49031,154560.9732,Poor,Basic service
CMR,Cameroon,total,Drinking water,2014,9.78847,431865.37568,Poor,Limited service
CMR,Cameroon,rural,Drinking water,2014,6.00901,122017.14267,Poor,Limited service
CMR,Cameroon,urban,Drinking water,2014,14.47294,344659.88506,Poor,Limited service
CMR,Cameroon,total,Hygiene,2014,6.06517,267593.9541,Poor,Limited service
CMR,Cameroon,rural,Hygiene,2014,8.14199,165328.68169,Poor,Limited service
CMR,Cameroon,urban,Hygiene,2014,6.00445,142990.47526,Poor,Limited service
CMR,Cameroon,total,Sanitation,2014,5.97349,263548.96998,Poor,Limited service
CMR,Cameroon,rural,Sanitation,2014,0.95467,19385.23827,Poor,Limited service
CMR,Cameroon,urban,Sanitation,2014,35.16775,837488.16601,Poor,Limited service
CMR,Cameroon,total,Hygiene,2014,90.76623,4004586.54492,Poor,No handwashing facility
CMR,Cameroon,rural,Hygiene,2014,88.74839,1802097.25702,Poor,No handwashing facility
CMR,Cameroon,urban,Hygiene,2014,87.50524,2083858.15154,Poor,No handwashing facility
CMR,Cameroon,total,Sanitation,2014,6.97068,307544.96096,Poor,Open defecation
CMR,Cameroon,rural,Sanitation,2014,20.91706,424735.387,Poor,Open defecation
CMR,Cameroon,urban,Sanitation,2014,0.27456,6538.51208,Poor,Open defecation
CMR,Cameroon,total,Drinking water,2014,15.26481,673479.93425,Poor,Surface water
CMR,Cameroon,rural,Drinking water,2014,17.00996,345399.06589,Poor,Surface water
CMR,Cameroon,urban,Drinking water,2014,1.06935,25465.70946,Poor,Surface water
CMR,Cameroon,total,Drinking water,2014,30.57113,1348791.75564,Poor,Unimproved
CMR,Cameroon,rural,Drinking water,2014,35.16647,714079.50773,Poor,Unimproved
CMR,Cameroon,urban,Drinking water,2014,7.95216,189373.61627,Poor,Unimproved
CMR,Cameroon,total,Sanitation,2014,76.4573,3373279.55933,Poor,Unimproved
CMR,Cameroon,rural,Sanitation,2014,72.54808,1473138.79523,Poor,Unimproved
CMR,Cameroon,urban,Sanitation,2014,14.12288,336323.56839,Poor,Unimproved
CMR,Cameroon,total,Drinking water,2014,40.34977,1780223.25489,Poorest,At least basic
CMR,Cameroon,rural,Drinking water,2014,37.47761,761008.64558,Poorest,At least basic
CMR,Cameroon,urban,Drinking water,2014,64.75442,1542068.05263,Poorest,At least basic
CMR,Cameroon,total,Sanitation,2014,4.01269,177039.03997,Poorest,At least basic
CMR,Cameroon,rural,Sanitation,2014,2.39341,48599.79785,Poorest,At least basic
CMR,Cameroon,urban,Sanitation,2014,27.66744,658875.08214,Poorest,At least basic
CMR,Cameroon,total,Hygiene,2014,2.48412,109598.63102,Poorest,Basic service
CMR,Cameroon,rural,Hygiene,2014,1.45265,29497.03574,Poorest,Basic service
CMR,Cameroon,urban,Hygiene,2014,5.99748,142824.44711,Poorest,Basic service
CMR,Cameroon,total,Drinking water,2014,7.1801,316784.41017,Poorest,Limited service
CMR,Cameroon,rural,Drinking water,2014,6.55647,133133.66837,Poorest,Limited service
CMR,Cameroon,urban,Drinking water,2014,17.58225,418705.33629,Poorest,Limited service
CMR,Cameroon,total,Hygiene,2014,7.80105,344180.5799,Poorest,Limited service
CMR,Cameroon,rural,Hygiene,2014,8.49804,172558.62998,Poorest,Limited service
CMR,Cameroon,urban,Hygiene,2014,5.87685,139951.85658,Poorest,Limited service
CMR,Cameroon,total,Sanitation,2014,0.75971,33518.24953,Poorest,Limited service
CMR,Cameroon,rural,Sanitation,2014,0.91314,18541.94283,Poorest,Limited service
CMR,Cameroon,urban,Sanitation,2014,18.08292,430628.49306,Poorest,Limited service
CMR,Cameroon,total,Hygiene,2014,89.71484,3958199.38907,Poorest,No handwashing facility
CMR,Cameroon,rural,Hygiene,2014,90.04931,1828513.33428,Poorest,No handwashing facility
CMR,Cameroon,urban,Hygiene,2014,88.12568,2098633.29631,Poorest,No handwashing facility
CMR,Cameroon,total,Sanitation,2014,27.09117,1195256.68741,Poorest,Open defecation
CMR,Cameroon,rural,Sanitation,2014,31.10788,631667.02291,Poorest,Open defecation
CMR,Cameroon,urban,Sanitation,2014,4.2045,100126.33862,Poorest,Open defecation
CMR,Cameroon,total,Drinking water,2014,16.11708,711081.95496,Poorest,Surface water
CMR,Cameroon,rural,Drinking water,2014,17.13568,347951.89608,Poorest,Surface water
CMR,Cameroon,urban,Drinking water,2014,4.48119,106715.40056,Poorest,Surface water
CMR,Cameroon,total,Drinking water,2014,36.35305,1603888.97998,Poorest,Unimproved
CMR,Cameroon,rural,Drinking water,2014,38.83024,788474.78997,Poorest,Unimproved
CMR,Cameroon,urban,Drinking water,2014,13.18214,313920.81052,Poorest,Unimproved
CMR,Cameroon,total,Sanitation,2014,68.13643,3006164.62309,Poorest,Unimproved
CMR,Cameroon,rural,Sanitation,2014,65.58557,1331760.23641,Poorest,Unimproved
CMR,Cameroon,urban,Sanitation,2014,50.04514,1191779.68618,Poorest,Unimproved
CMR,Cameroon,total,Drinking water,2014,78.24578,3452187.0228,Rich,At least basic
CMR,Cameroon,rural,Drinking water,2014,47.57058,965953.53558,Rich,At least basic
CMR,Cameroon,urban,Drinking water,2014,84.38263,2009496.00612,Rich,At least basic
CMR,Cameroon,total,Sanitation,2014,50.65262,2234782.65862,Rich,At least basic
CMR,Cameroon,rural,Sanitation,2014,17.81602,361766.67448,Rich,At least basic
CMR,Cameroon,urban,Sanitation,2014,64.60274,1538455.81556,Rich,At least basic
CMR,Cameroon,total,Hygiene,2014,5.44622,240286.13506,Rich,Basic service
CMR,Cameroon,rural,Hygiene,2014,2.46199,49992.46057,Rich,Basic service
CMR,Cameroon,urban,Hygiene,2014,11.55831,275250.65679,Rich,Basic service
CMR,Cameroon,total,Drinking water,2014,12.47831,550540.34085,Rich,Limited service
CMR,Cameroon,rural,Drinking water,2014,10.69775,217225.27317,Rich,Limited service
CMR,Cameroon,urban,Drinking water,2014,11.31696,269503.08276,Rich,Limited service
CMR,Cameroon,total,Hygiene,2014,4.31493,190373.92509,Rich,Limited service
CMR,Cameroon,rural,Hygiene,2014,5.41385,109932.02557,Rich,Limited service
CMR,Cameroon,urban,Hygiene,2014,4.34957,103581.16559,Rich,Limited service
CMR,Cameroon,total,Sanitation,2014,36.91121,1628514.85796,Rich,Limited service
CMR,Cameroon,rural,Sanitation,2014,12.78829,259675.0036,Rich,Limited service
CMR,Cameroon,urban,Sanitation,2014,32.21729,767225.52823,Rich,Limited service
CMR,Cameroon,total,Hygiene,2014,90.23885,3981318.53985,Rich,No handwashing facility
CMR,Cameroon,rural,Hygiene,2014,92.12415,1870644.51386,Rich,No handwashing facility
CMR,Cameroon,urban,Hygiene,2014,84.09212,2002577.77763,Rich,No handwashing facility
CMR,Cameroon,total,Sanitation,2014,0.30106,13282.80579,Rich,Open defecation
CMR,Cameroon,rural,Sanitation,2014,4.95661,100647.31025,Rich,Open defecation
CMR,Cameroon,urban,Sanitation,2014,0,0,Rich,Open defecation
CMR,Cameroon,total,Drinking water,2014,1.75801,77563.02832,Rich,Surface water
CMR,Cameroon,rural,Drinking water,2014,14.98631,304307.42153,Rich,Surface water
CMR,Cameroon,urban,Drinking water,2014,0.7532,17936.80775,Rich,Surface water
CMR,Cameroon,total,Drinking water,2014,7.5179,331688.20803,Rich,Unimproved
CMR,Cameroon,rural,Drinking water,2014,26.74535,543082.76972,Rich,Unimproved
CMR,Cameroon,urban,Drinking water,2014,3.54721,84473.70337,Rich,Unimproved
CMR,Cameroon,total,Sanitation,2014,12.13511,535398.27763,Rich,Unimproved
CMR,Cameroon,rural,Sanitation,2014,64.43908,1308480.01167,Rich,Unimproved
CMR,Cameroon,urban,Sanitation,2014,3.17998,75728.25621,Rich,Unimproved
CMR,Cameroon,total,Drinking water,2019,68.64964,3501968.50601,Middle,At least basic
CMR,Cameroon,rural,Drinking water,2019,46.22008,1014603.16175,Middle,At least basic
CMR,Cameroon,urban,Drinking water,2019,89.39376,2597838.43631,Middle,At least basic
CMR,Cameroon,total,Sanitation,2019,43.99169,2244112.46202,Middle,At least basic
CMR,Cameroon,rural,Sanitation,2019,22.76949,499826.03583,Middle,At least basic
CMR,Cameroon,urban,Sanitation,2019,52.14122,1515256.24956,Middle,At least basic
CMR,Cameroon,total,Hygiene,2019,34.40881,1755268.95513,Middle,Basic service
CMR,Cameroon,rural,Hygiene,2019,26.47046,581068.0553,Middle,Basic service
CMR,Cameroon,urban,Hygiene,2019,39.46738,1146946.68869,Middle,Basic service
CMR,Cameroon,total,Drinking water,2019,9.88045,504023.30066,Middle,Limited service
CMR,Cameroon,rural,Drinking water,2019,6.7807,148846.96135,Middle,Limited service
CMR,Cameroon,urban,Drinking water,2019,7.90586,229749.2332,Middle,Limited service
CMR,Cameroon,total,Hygiene,2019,62.3304,3179610.0031,Middle,Limited service
CMR,Cameroon,rural,Hygiene,2019,70.01475,1536933.36362,Middle,Limited service
CMR,Cameroon,urban,Hygiene,2019,56.60477,1644969.83727,Middle,Limited service
CMR,Cameroon,total,Sanitation,2019,19.39213,989235.02059,Middle,Limited service
CMR,Cameroon,rural,Sanitation,2019,4.55377,99962.47102,Middle,Limited service
CMR,Cameroon,urban,Sanitation,2019,37.40453,1086999.00744,Middle,Limited service
CMR,Cameroon,total,Hygiene,2019,3.26079,166340.04177,Middle,No handwashing facility
CMR,Cameroon,rural,Hygiene,2019,3.51479,77155.18108,Middle,No handwashing facility
CMR,Cameroon,urban,Hygiene,2019,3.92785,114145.87404,Middle,No handwashing facility
CMR,Cameroon,total,Sanitation,2019,0.57725,29446.75129,Middle,Open defecation
CMR,Cameroon,rural,Sanitation,2019,4.64694,102007.57577,Middle,Open defecation
CMR,Cameroon,urban,Sanitation,2019,0.02983,866.9925,Middle,Open defecation
CMR,Cameroon,total,Drinking water,2019,4.3792,223392.62751,Middle,Surface water
CMR,Cameroon,rural,Drinking water,2019,10.07308,221119.91509,Middle,Surface water
CMR,Cameroon,urban,Drinking water,2019,0.05701,1656.61419,Middle,Surface water
CMR,Cameroon,total,Drinking water,2019,17.09071,871834.56582,Middle,Unimproved
CMR,Cameroon,rural,Drinking water,2019,36.92614,810586.5618,Middle,Unimproved
CMR,Cameroon,urban,Drinking water,2019,2.64337,76818.1163,Middle,Unimproved
CMR,Cameroon,total,Sanitation,2019,36.03893,1838424.76611,Middle,Unimproved
CMR,Cameroon,rural,Sanitation,2019,68.02979,1493360.51738,Middle,Unimproved
CMR,Cameroon,urban,Sanitation,2019,10.42442,302940.1505,Middle,Unimproved
CMR,Cameroon,total,Drinking water,2019,51.29193,2616513.53744,Poor,At least basic
CMR,Cameroon,rural,Drinking water,2019,39.95712,877121.39267,Poor,At least basic
CMR,Cameroon,urban,Drinking water,2019,84.76326,2463273.17363,Poor,At least basic
CMR,Cameroon,total,Sanitation,2019,27.04541,1379645.84087,Poor,At least basic
CMR,Cameroon,rural,Sanitation,2019,15.66119,343787.57622,Poor,At least basic
CMR,Cameroon,urban,Sanitation,2019,51.33705,1491886.76327,Poor,At least basic
CMR,Cameroon,total,Hygiene,2019,25.43549,1297520.24385,Poor,Basic service
CMR,Cameroon,rural,Hygiene,2019,10.5884,232431.98779,Poor,Basic service
CMR,Cameroon,urban,Hygiene,2019,38.37184,1115109.70864,Poor,Basic service
CMR,Cameroon,total,Drinking water,2019,7.44363,379715.64279,Poor,Limited service
CMR,Cameroon,rural,Drinking water,2019,6.66195,146240.25473,Poor,Limited service
CMR,Cameroon,urban,Drinking water,2019,9.50495,276219.78005,Poor,Limited service
CMR,Cameroon,total,Hygiene,2019,70.77255,3610262.57793,Poor,Limited service
CMR,Cameroon,rural,Hygiene,2019,82.16606,1803673.64269,Poor,Limited service
CMR,Cameroon,urban,Hygiene,2019,57.56166,1672777.6443,Poor,Limited service
CMR,Cameroon,total,Sanitation,2019,6.51222,332202.34978,Poor,Limited service
CMR,Cameroon,rural,Sanitation,2019,0.66595,14618.58733,Poor,Limited service
CMR,Cameroon,urban,Sanitation,2019,29.45271,855914.0838,Poor,Limited service
CMR,Cameroon,total,Hygiene,2019,3.79196,193436.17823,Poor,No handwashing facility
CMR,Cameroon,rural,Hygiene,2019,7.24554,159050.96952,Poor,No handwashing facility
CMR,Cameroon,urban,Hygiene,2019,4.0665,118175.04707,Poor,No handwashing facility
CMR,Cameroon,total,Sanitation,2019,3.55329,181261.09615,Poor,Open defecation
CMR,Cameroon,rural,Sanitation,2019,14.89296,326923.88038,Poor,Open defecation
CMR,Cameroon,urban,Sanitation,2019,0.42449,12335.84989,Poor,Open defecation
CMR,Cameroon,total,Drinking water,2019,9.55821,487585.30463,Poor,Surface water
CMR,Cameroon,rural,Drinking water,2019,15.71649,345001.65715,Poor,Surface water
CMR,Cameroon,urban,Drinking water,2019,0.11425,3320.15949,Poor,Surface water
CMR,Cameroon,total,Drinking water,2019,31.70624,1617404.51514,Poor,Unimproved
CMR,Cameroon,rural,Drinking water,2019,37.66443,826793.29545,Poor,Unimproved
CMR,Cameroon,urban,Drinking water,2019,5.61754,163249.28682,Poor,Unimproved
CMR,Cameroon,total,Sanitation,2019,62.88908,3208109.7132,Poor,Unimproved
CMR,Cameroon,rural,Sanitation,2019,68.7799,1509826.55607,Poor,Unimproved
CMR,Cameroon,urban,Sanitation,2019,18.78575,545925.70305,Poor,Unimproved
CMR,Cameroon,total,Drinking water,2019,37.918,1934280.06827,Poorest,At least basic
CMR,Cameroon,rural,Drinking water,2019,34.21925,751166.18207,Poorest,At least basic
CMR,Cameroon,urban,Drinking water,2019,75.06807,2181524.94601,Poorest,At least basic
CMR,Cameroon,total,Sanitation,2019,12.19763,622227.77145,Poorest,At least basic
CMR,Cameroon,rural,Sanitation,2019,9.60122,210761.72472,Poorest,At least basic
CMR,Cameroon,urban,Sanitation,2019,36.06857,1048175.0789,Poorest,At least basic
CMR,Cameroon,total,Hygiene,2019,7.8964,402812.70066,Poorest,Basic service
CMR,Cameroon,rural,Hygiene,2019,5.8961,129428.52919,Poorest,Basic service
CMR,Cameroon,urban,Hygiene,2019,28.32321,823090.07544,Poorest,Basic service
CMR,Cameroon,total,Drinking water,2019,8.07072,411705.31812,Poorest,Limited service
CMR,Cameroon,rural,Drinking water,2019,8.57953,188334.21807,Poorest,Limited service
CMR,Cameroon,urban,Drinking water,2019,8.95072,260113.50728,Poorest,Limited service
CMR,Cameroon,total,Hygiene,2019,85.69417,4371447.22382,Poorest,Limited service
CMR,Cameroon,rural,Hygiene,2019,88.45603,1941748.31306,Poorest,Limited service
CMR,Cameroon,urban,Hygiene,2019,66.55512,1934133.39842,Poorest,Limited service
CMR,Cameroon,total,Sanitation,2019,0.98165,50076.28643,Poorest,Limited service
CMR,Cameroon,rural,Sanitation,2019,0.53675,11782.47925,Poorest,Limited service
CMR,Cameroon,urban,Sanitation,2019,19.25094,559444.37627,Poorest,Limited service
CMR,Cameroon,total,Hygiene,2019,6.40943,326959.07552,Poorest,No handwashing facility
CMR,Cameroon,rural,Hygiene,2019,5.64788,123979.75775,Poorest,No handwashing facility
CMR,Cameroon,urban,Hygiene,2019,5.12167,148838.92614,Poorest,No handwashing facility
CMR,Cameroon,total,Sanitation,2019,21.89448,1116885.62288,Poorest,Open defecation
CMR,Cameroon,rural,Sanitation,2019,29.32666,643766.01155,Poorest,Open defecation
CMR,Cameroon,urban,Sanitation,2019,1.91225,55571.24065,Poorest,Open defecation
CMR,Cameroon,total,Drinking water,2019,19.32371,985744.78647,Poorest,Surface water
CMR,Cameroon,rural,Drinking water,2019,23.41005,513887.26213,Poorest,Surface water
CMR,Cameroon,urban,Drinking water,2019,2.91539,84723.14156,Poorest,Surface water
CMR,Cameroon,total,Drinking water,2019,34.68757,1769488.82713,Poorest,Unimproved
CMR,Cameroon,rural,Drinking water,2019,33.79116,741768.93774,Poorest,Unimproved
CMR,Cameroon,urban,Drinking water,2019,13.06582,379700.80515,Poorest,Unimproved
CMR,Cameroon,total,Sanitation,2019,64.92623,3312029.31924,Poorest,Unimproved
CMR,Cameroon,rural,Sanitation,2019,60.53538,1328846.38448,Poorest,Unimproved
CMR,Cameroon,urban,Sanitation,2019,42.76824,1242871.70418,Poorest,Unimproved
CMR,Cameroon,total,Drinking water,2019,84.89738,4330801.14247,Rich,At least basic
CMR,Cameroon,rural,Drinking water,2019,48.20804,1058241.94758,Rich,At least basic
CMR,Cameroon,urban,Drinking water,2019,90.65108,2634377.06686,Rich,At least basic
CMR,Cameroon,total,Sanitation,2019,53.43022,2725592.52297,Rich,At least basic
CMR,Cameroon,rural,Sanitation,2019,33.78502,741634.12543,Rich,At least basic
CMR,Cameroon,urban,Sanitation,2019,65.50067,1903490.43256,Rich,At least basic
CMR,Cameroon,total,Hygiene,2019,41.81812,2133234.01872,Rich,Basic service
CMR,Cameroon,rural,Hygiene,2019,27.14808,595942.84179,Rich,Basic service
CMR,Cameroon,urban,Hygiene,2019,53.24439,1547315.13451,Rich,Basic service
CMR,Cameroon,total,Drinking water,2019,8.95634,456882.26647,Rich,Limited service
CMR,Cameroon,rural,Drinking water,2019,9.62521,211288.33608,Rich,Limited service
CMR,Cameroon,urban,Drinking water,2019,8.53333,247984.0385,Rich,Limited service
CMR,Cameroon,total,Hygiene,2019,54.37859,2773970.94267,Rich,Limited service
CMR,Cameroon,rural,Hygiene,2019,69.54822,1526692.29412,Rich,Limited service
CMR,Cameroon,urban,Hygiene,2019,43.78813,1272510.3397,Rich,Limited service
CMR,Cameroon,total,Sanitation,2019,31.95202,1629942.49315,Rich,Limited service
CMR,Cameroon,rural,Sanitation,2019,7.99719,175550.9057,Rich,Limited service
CMR,Cameroon,urban,Sanitation,2019,29.08986,845369.44367,Rich,Limited service
CMR,Cameroon,total,Hygiene,2019,3.80329,194014.03861,Rich,No handwashing facility
CMR,Cameroon,rural,Hygiene,2019,3.3037,72521.46408,Rich,No handwashing facility
CMR,Cameroon,urban,Hygiene,2019,2.96748,86236.9258,Rich,No handwashing facility
CMR,Cameroon,total,Sanitation,2019,0.14827,7563.36415,Rich,Open defecation
CMR,Cameroon,rural,Sanitation,2019,1.69725,37257.39662,Rich,Open defecation
CMR,Cameroon,urban,Sanitation,2019,0,0,Rich,Open defecation
CMR,Cameroon,total,Drinking water,2019,0.62239,31749.45286,Rich,Surface water
CMR,Cameroon,rural,Drinking water,2019,10.76741,236361.52886,Rich,Surface water
CMR,Cameroon,urban,Drinking water,2019,0.04379,1272.67105,Rich,Surface water
CMR,Cameroon,total,Drinking water,2019,5.5239,281786.1382,Rich,Unimproved
CMR,Cameroon,rural,Drinking water,2019,31.39934,689264.78748,Rich,Unimproved
CMR,Cameroon,urban,Drinking water,2019,0.77179,22428.62359,Rich,Unimproved
CMR,Cameroon,total,Sanitation,2019,14.46949,738120.61973,Rich,Unimproved
CMR,Cameroon,rural,Sanitation,2019,56.52053,1240714.17226,Rich,Unimproved
CMR,Cameroon,urban,Sanitation,2019,5.40947,157202.52377,Rich,Unimproved
